date,stock,signalAt,rsi14,vwapGap,dayPct,recovery,greenVolume,fullBid,top2Bid,flowMinutes,outcome
"2026-10-05","POLYCAB","10:31",35.365853658536594,-0.1346874327943115,1.752,0.302,51.1,67.4,66.3,4,"stop first"
"2026-10-05","HINDPETRO","10:59",38.46153846153846,-1.0503914907668777,-0.29,0.35,32.8,68.2,72.2,4,"stop first"
"2026-10-05","HAVELLS","12:03",37.64705882352828,-0.6143510998521173,-0.448,0.192,37.9,71.7,73.3,3,"unresolved"
"2026-10-06","INDHOTEL","10:21",44.318181818181934,0.005344521680150649,1.013,0.165,40.9,82.9,78,3,"target first"
"2026-10-06","NAUKRI","10:24",41.87500000000052,-0.30406923419713516,-0.041,0.182,45.8,66.5,68.6,4,"target first"
"2026-10-06","LAURUSLABS","12:25",33.7278106508881,0.8885757466087219,1.996,0.265,46.4,68.4,67.4,3,"target first"
"2026-10-06","SONACOMS","12:27",39.99999999999999,0.2786122207979469,0.769,0.286,46.8,67.4,66.8,3,"stop first"
"2026-10-07","ANGELONE","09:45",27.966101694914542,-0.407586688994388,0.511,0.426,35.5,63.2,66.4,4,"target first"
"2026-10-07","APLAPOLLO","10:01",34.14634146341396,-0.12974610585577695,-0.216,0.165,33.4,74.2,75.3,4,"target first"
"2026-10-07","POLYCAB","10:42",33.82352941176471,0.036778275453897,-0.664,0.292,46,69.5,66.2,3,"target first"
"2026-10-07","INDUSINDBK","10:43",29.000000000000256,-0.4349769858321917,-0.59,0.252,35.4,62.7,61.2,3,"stop first"
