"date_ist","stock","first_signal_ist","last_signal_ist","matching_windows","longest_bid_dominant_window_minutes","first_window_start_ist","first_window_candle_return_pct","day_pct_from_gap_open_at_signal","day_pct_from_first_candle_close_at_signal","opening_gap_pct_vs_prior_close","signal_pct_vs_prior_close","recovery_lookback_minutes","recovery_from_low_pct","recovery_low_at_ist","green_candle_volume_pct","ema20_below_ema50","ema20_slope_5m_pct","full_5level_bid_share_pct","top2_bid_share_pct","avg_displayed_bid_shares","avg_displayed_ask_shares","positive_flow_minutes_last5","mean_normalized_flow_last5","next_candle_entry_open","plus1_vs_minus0_4","outcome_at_ist"
"2026-10-05","POLYCAB","10:31","10:31","1","15","10:16","-0.294","1.752","1.258","0.000","1.752","10","0.302","10:27","51.1","false","-0.103","67.4","66.3","329","124","4","0.049","8127.5","stop first","10:39"
"2026-10-05","HINDPETRO","10:59","10:59","1","15","10:44","-0.261","-0.290","-1.756","0.014","-0.275","10","0.35","10:55","32.8","true","-0.123","68.2","72.2","8815","3545","4","0.083","344.05","stop first","11:23"
"2026-10-05","HINDPETRO","11:03","11:03","1","15","10:48","-0.218","-0.290","-1.756","0.014","-0.275","10","0.35","10:55","30.5","true","0.009","70.3","71.1","11282","3524","4","0.048","344","stop first","11:23"
"2026-10-05","HINDPETRO","11:08","11:10","6","25","10:43","-0.261","-0.290","-1.756","0.014","-0.275","15","0.35","10:55","34.2","true","-0.044","68.4","70.7","9618","3557","4","0.051","344","stop first","11:23"
"2026-10-05","INDUSINDBK","11:56","11:56","1","25","11:31","-0.377","-0.617","-1.182","0.536","-0.085","10","0.243","11:50","47.4","true","-0.051","71.7","74.7","1444","513","3","0.017","886.05","stop first","12:07"
"2026-10-05","HAVELLS","12:03","12:03","1","15","11:48","-0.324","-0.448","-0.181","0.962","0.51","10","0.192","12:00","37.9","true","-0.097","71.7","73.3","1067","407","3","0.032","1045.8","unresolved",""
"2026-10-05","JUBLFOOD","12:04","12:06","3","25","11:39","-0.225","0.248","0.453","-0.135","0.113","10","0.214","12:01","32.6","true","-0.097","73.6","71.1","2154","691","4","0.111","443.75","unresolved",""
"2026-10-05","INDUSINDBK","12:19","12:19","1","25","11:54","-0.214","-0.852","-1.416","0.536","-0.321","15","0.312","12:08","42.5","true","-0.015","72.8","70.8","1438","492","3","0.02","884","unresolved",""
"2026-10-05","TIINDIA","12:58","12:58","1","25","12:33","-0.3","-0.780","-0.915","0.256","-0.526","10","0.176","12:54","59.2","true","-0.052","73.7","71.9","243","54","3","0.037","2327.5","stop first","13:08"
"2026-10-05","INDUSINDBK","13:04","13:07","5","25","12:39","-0.288","-0.925","-1.489","0.536","-0.395","10","0.244","12:54","42.4","true","-0.041","74.6","73","1620","489","4","0.031","883.3","unresolved",""
"2026-10-05","TIINDIA","13:04","13:05","2","25","12:39","-0.296","-1.002","-1.137","0.256","-0.748","10","0.155","13:00","64.9","true","-0.102","76.3","73.3","269","55","3","0.091","2322","stop first","13:28"
"2026-10-05","TIINDIA","13:32","13:32","2","25","13:07","-0.276","-1.360","-1.494","0.256","-1.107","10","0.221","13:29","50","true","-0.079","67.3","64.6","176","63","3","0.144","2314.8","stop first","14:04"
"2026-10-06","INDHOTEL","10:21","10:21","1","25","09:56","-0.301","1.013","0.755","-0.648","0.359","15","0.165","10:09","40.9","false","-0.033","82.9","78","3275","608","3","0.047","727.45","target first","15:14"
"2026-10-06","NAUKRI","10:24","10:27","4","20","10:09","-0.289","-0.041","0.249","0.583","0.541","10","0.182","10:20","45.8","true","-0.108","66.5","68.6","736","337","4","0.071","1208.5","target first","11:43"
"2026-10-06","LAURUSLABS","12:25","12:25","1","20","12:05","-0.323","1.996","2.339","-0.127","1.867","10","0.265","12:20","46.4","true","-0.094","68.4","67.4","722","262","3","0.006","2010.3","target first","13:27"
"2026-10-06","LAURUSLABS","12:27","12:27","1","20","12:07","-0.218","2.057","2.400","-0.127","1.928","10","0.325","12:20","49.6","true","-0.019","66.6","66.5","732","290","3","0.004","2009.8","target first","13:27"
"2026-10-06","SONACOMS","12:27","12:27","1","15","12:12","-0.204","0.769","1.155","0.339","1.11","10","0.286","12:23","46.8","true","-0.054","67.4","66.8","1280","572","3","0.025","806.1","stop first","13:02"
"2026-10-06","SONACOMS","12:30","12:30","1","20","12:10","-0.235","0.725","1.111","0.339","1.066","10","0.243","12:23","30.7","true","-0.021","69.1","69.6","1420","588","5","0.042","805.45","stop first","13:03"
"2026-10-06","TVSMOTOR","12:39","12:40","4","25","12:14","-0.319","-0.744","-0.165","-0.025","-0.769","15","0.16","12:24","34.4","true","-0.029","78.6","75.5","860","60","3","0.017","3999.9","stop first","13:03"
"2026-10-06","BPCL","13:43","13:43","1","25","13:18","-0.202","-0.454","-0.621","0.152","-0.303","15","0.152","13:28","35.8","true","-0.004","70.5","76.2","16180","6542","3","0.004","296.05","stop first","14:31"
"2026-10-06","KPITTECH","14:42","14:42","1","25","14:17","-0.234","0.112","0.041","0.163","0.276","10","0.173","14:37","30.2","true","-0.015","72.9","73","4277","1283","3","0.006","490.8","unresolved",""
"2026-10-07","ANGELONE","09:45","09:45","1","15","09:30","-0.27","0.511","1.149","-0.508","0","10","0.426","09:41","35.5","false","-0.185","63.2","66.4","12814","7445","4","0.029","294.95","target first","10:00"
"2026-10-07","ANGELONE","09:48","09:49","3","20","09:28","-0.657","0.528","1.166","-0.508","0.017","10","0.443","09:41","40.5","true","-0.061","63.3","66.6","12553","7230","4","0.034","295.05","target first","10:00"
"2026-10-07","APLAPOLLO","10:01","10:01","1","15","09:46","-0.258","-0.216","-0.380","-1.087","-1.301","10","0.165","09:58","33.4","true","-0.105","74.2","75.3","302","79","4","0.049","2123.5","target first","11:26"
"2026-10-07","APLAPOLLO","10:16","10:16","1","25","09:51","-0.221","-0.202","-0.366","-1.087","-1.287","15","0.174","10:03","32.9","true","-0.017","79.3","79.7","346","68","4","0.15","2124.8","target first","11:33"
"2026-10-07","HINDPETRO","10:17","10:18","2","25","09:52","-0.202","-0.633","0.101","-0.997","-1.624","10","0.16","10:10","33","true","-0.029","74.2","73.1","12916","3762","3","0.045","345.55","stop first","10:34"
"2026-10-07","POLYCAB","10:42","10:43","3","20","10:22","-0.315","-0.664","-0.185","-0.203","-0.865","10","0.292","10:37","46","true","-0.078","69.5","66.2","274","92","3","0.05","8076.5","target first","13:44"
"2026-10-07","INDUSINDBK","10:43","10:44","2","20","10:23","-0.34","-0.590","0.006","-0.778","-1.363","10","0.252","10:38","35.4","true","-0.114","62.7","61.2","694","332","3","0.031","893.5","stop first","11:02"
"2026-10-07","APLAPOLLO","10:45","10:45","1","15","10:30","-0.234","-0.028","-0.192","-1.087","-1.115","10","0.198","10:37","37.9","true","-0.01","82.9","76.3","375","60","4","0.164","2127.5","target first","11:33"
"2026-10-07","FEDERALBNK","13:16","13:18","6","25","12:51","-0.432","0.844","1.574","0.000","0.844","10","0.249","13:10","61.9","true","-0.047","63.4","74.2","12538","7265","3","0.034","322.65","stop first","13:47"
"2026-10-07","HINDPETRO","13:22","13:22","1","25","12:57","-0.203","-1.122","-0.391","-0.997","-2.108","15","0.292","13:10","32","true","0.012","77.6","75.8","12141","2871","3","0.09","343.6","unresolved",""
"2026-10-07","ETERNAL","13:45","13:49","10","25","13:20","-0.5","-1.278","0.628","1.094","-0.198","10","0.444","13:40","47.2","true","-0.108","66.1","68","25485","11973","4","0.004","328.25","unresolved",""
