"date_ist","stock","first_detected_ist","last_detected_ist","consecutive_matching_windows","peak_window_detected_ist","peak_window_15m_candle_return_pct","peak_window_last5m_candle_return_pct","red_candles_of_15","valid_depth_minutes_of_15","full_5_level_bid_share_pct","top_2_level_bid_share_pct","bid_dominant_minutes","last5m_full_bid_share_pct","last5m_top2_bid_share_pct","positive_flow_minutes_last5_at_peak","mean_normalized_flow_last5_at_peak","positive_flow_confirmed_any_window"
"2026-10-07","GLENMARK","09:32","09:32","1","09:32","-1.011","-0.253","12","15","62.117","66.066","11","72.061","76.66","4","-0.004","False"
"2026-10-07","IIFL","09:34","09:44","11","09:42","-1.265","-0.363","10","15","75.454","68.945","13","81.72","67.646","3","0.001","True"
"2026-10-07","ANGELONE","09:36","09:39","4","09:38","-0.723","-0.74","12","15","60.433","62.993","12","65.226","70.703","1","-0.086","False"
"2026-10-07","PRESTIGE","09:37","09:41","5","09:41","-0.365","-0.117","10","15","65.171","63.972","12","63.889","61.309","1","-0.056","False"
"2026-10-07","UNITDSPR","09:38","09:40","3","09:40","-0.378","-0.238","9","15","75.011","63.242","13","75.197","61.741","1","-0.046","False"
"2026-10-07","GLENMARK","09:39","09:41","3","09:40","-1.065","-0.329","12","15","65.47","65.646","11","74.149","68.708","2","0.071","False"
"2026-10-07","ANGELONE","09:41","09:43","3","09:43","-0.707","-0.051","10","15","63.395","67.354","14","64.484","67.846","3","-0.066","False"
"2026-10-07","HEROMOTOCO","09:41","09:41","1","09:41","-0.407","-0.427","9","15","62.196","59.947","13","63.186","63.546","1","-0.166","False"
"2026-10-07","NATIONALUM","09:41","09:42","2","09:41","-0.713","-0.168","9","15","62.394","61.949","11","61.272","58.494","2","-0.021","False"
"2026-10-07","HEROMOTOCO","09:44","09:44","1","09:44","-0.426","-0.149","8","15","65.364","62.31","15","63.563","62.645","2","-0.126","False"
"2026-10-07","ADANIGREEN","09:45","09:49","5","09:48","-1.004","-0.207","10","15","61.983","59.624","11","66.184","63.651","1","-0.07","False"
"2026-10-07","BEL","09:46","09:48","3","09:48","-0.393","-0.17","9","15","65.367","64.979","12","71.917","69.534","0","-0.216","False"
"2026-10-07","CIPLA","09:47","09:54","8","09:54","-0.366","-0.067","8","15","68.455","65.302","12","69.722","72.175","2","-0.013","False"
"2026-10-07","HEROMOTOCO","09:47","09:51","5","09:48","-0.525","-0.169","10","15","66.067","64.296","15","66.44","64.501","0","-0.196","False"
"2026-10-07","ANGELONE","09:49","09:49","1","09:49","-0.69","-0.085","9","15","64.509","67.626","15","64.426","66.903","3","0.006","True"
"2026-10-07","GLENMARK","09:49","09:49","1","09:49","-0.328","-0.088","9","15","69.158","67.35","11","64.888","70.802","1","-0.061","False"
"2026-10-07","BEL","09:50","09:52","3","09:52","-0.301","-0.105","9","15","67.536","67.243","13","74.287","72.15","2","-0.052","False"
"2026-10-07","ANGELONE","09:51","09:52","2","09:51","-0.573","-0.22","9","15","63.046","66.771","14","61.763","68.755","1","-0.075","False"
"2026-10-07","HEROMOTOCO","09:58","09:58","1","09:58","-0.308","-0.1","9","15","68.876","69.198","14","71.994","71.886","1","-0.163","False"
"2026-10-07","HINDPETRO","09:58","10:05","8","10:03","-0.519","-0.072","11","15","66.369","69.898","14","76.621","74.756","1","-0.027","False"
"2026-10-07","MANAPPURAM","10:02","10:03","2","10:03","-0.492","-0.207","9","15","62.443","57.035","11","65.54","58.682","4","0.006","True"
"2026-10-07","SIEMENS","10:05","10:06","2","10:06","-0.426","-0.152","9","15","61.838","62.114","11","65.741","64.189","2","-0.049","False"
"2026-10-07","VEDL","10:06","10:06","1","10:06","-0.476","-0.115","10","15","65.581","63.324","11","74.565","77.101","1","-0.014","False"
"2026-10-07","NCC","10:10","10:10","1","10:10","-0.367","-0.203","10","15","69.008","72.713","12","63.677","65.974","1","-0.052","False"
"2026-10-07","ASTRAL","10:11","10:11","1","10:11","-0.576","-0.306","8","15","65.728","64.367","11","63.218","64.494","2","-0.099","False"
"2026-10-07","INDHOTEL","10:11","10:11","1","10:11","-0.331","-0.169","9","15","68.657","66.206","12","73.851","77.853","2","-0.029","False"
"2026-10-07","VEDL","10:11","10:11","1","10:11","-0.363","-0.191","10","15","69.109","65.567","12","77.511","71.125","2","0.018","False"
"2026-10-07","ASTRAL","10:14","10:15","2","10:14","-0.444","-0.084","8","15","65.984","64.389","12","62.624","59.775","1","-0.127","False"
"2026-10-07","POLYCAB","10:14","10:14","1","10:14","-0.327","-0.173","9","15","67.157","61.841","11","70.444","66.325","2","-0.057","False"
"2026-10-07","MPHASIS","10:15","10:15","1","10:15","-0.322","-0.061","11","15","61.69","62.821","11","64.102","62.661","2","-0.002","False"
"2026-10-07","ASTRAL","10:18","10:18","1","10:18","-0.536","-0.397","9","15","63.731","62.176","11","61.764","58.747","1","-0.091","False"
"2026-10-07","UNITDSPR","10:21","10:21","1","10:21","-0.325","-0.185","9","15","71.203","63.475","12","62.778","60.93","3","0.061","True"
"2026-10-07","INDUSINDBK","10:32","10:33","2","10:32","-0.599","-0.223","9","15","61.607","60.298","12","62.89","63.17","2","-0.015","False"
"2026-10-07","HINDPETRO","10:34","10:39","6","10:37","-0.679","-0.391","11","15","71.492","73.733","13","68.063","71.546","2","-0.158","False"
"2026-10-07","EXIDEIND","10:35","10:36","2","10:36","-0.721","-0.429","12","15","71.253","66.603","13","77.738","74.214","1","-0.103","False"
"2026-10-07","HEROMOTOCO","10:35","10:37","3","10:37","-0.854","-0.587","11","15","64.55","62.477","14","61.198","60.804","0","-0.287","False"
"2026-10-07","CGPOWER","10:36","10:38","3","10:37","-0.463","-0.375","8","15","66.995","63.203","12","74.012","65.736","1","-0.217","False"
"2026-10-07","INDHOTEL","10:36","10:37","2","10:37","-0.365","-0.385","11","15","68.958","66.71","13","66.944","59.94","1","-0.235","False"
"2026-10-07","INDUSINDBK","10:36","10:39","4","10:37","-0.712","-0.313","9","15","63.368","62.423","13","63.62","62.745","1","-0.08","False"
"2026-10-07","AMBUJACEM","10:37","10:38","2","10:37","-0.404","-0.223","8","15","63.17","68.84","12","71.207","75.575","1","-0.069","False"
"2026-10-07","APLAPOLLO","10:37","10:37","1","10:37","-0.319","-0.197","9","15","71.703","67.69","12","83.591","75.203","1","-0.04","False"
"2026-10-07","POLYCAB","10:37","10:37","1","10:37","-0.543","-0.359","8","15","71.61","66.961","13","68.268","64.587","0","-0.208","False"
"2026-10-07","SBILIFE","10:37","10:37","1","10:37","-0.388","-0.168","10","15","63.34","58.809","11","66.298","56.241","0","-0.104","False"
"2026-10-07","SUZLON","10:37","10:37","1","10:37","-0.463","-0.361","10","15","64.392","63.551","11","67.504","67.025","1","-0.105","False"
"2026-10-07","TVSMOTOR","10:37","10:37","1","10:37","-0.74","-0.657","12","15","75.141","70.773","12","61.072","61.092","0","-0.2","False"
"2026-10-07","COLPAL","10:38","10:38","1","10:38","-0.319","-0.208","13","15","79.038","73.084","15","83.237","80.1","1","-0.085","False"
"2026-10-07","EXIDEIND","10:38","10:38","1","10:38","-0.318","-0.098","10","15","70.691","68.905","14","72.751","75.525","2","-0.038","False"
"2026-10-07","M&M","10:38","10:41","4","10:40","-0.598","-0.234","12","15","69.411","63.679","13","71.885","66.472","1","-0.106","False"
"2026-10-07","VEDL","10:38","10:38","1","10:38","-0.553","-0.439","10","15","61.801","56.845","11","65.876","61.312","1","-0.195","False"
"2026-10-07","BAJAJ-AUTO","10:39","10:41","3","10:40","-1.085","-0.753","10","15","64.87","62.132","12","70.872","67.606","1","-0.107","False"
"2026-10-07","NATIONALUM","10:40","10:40","1","10:40","-0.398","-0.092","8","15","62.53","57.739","11","60.387","59.421","3","-0.078","False"
"2026-10-07","TVSMOTOR","10:40","10:41","2","10:40","-1.725","-1.542","12","15","74.134","71.461","12","61.244","63.457","2","-0.027","False"
"2026-10-07","AMBUJACEM","10:41","10:41","1","10:41","-0.445","-0.098","10","15","61.044","65.885","11","63.675","63.306","1","-0.038","False"
"2026-10-07","BOSCHLTD","10:41","10:43","3","10:43","-0.437","-0.09","9","15","69.935","68.033","13","68.986","58.419","1","-0.044","False"
"2026-10-07","GODREJPROP","10:44","10:44","1","10:44","-0.469","-0.05","10","15","64.734","62.143","12","72.843","71.403","5","0.028","True"
"2026-10-07","HINDPETRO","10:44","10:44","1","10:44","-0.42","-0.102","10","15","67.072","70.054","12","64.37","77.368","3","-0.055","False"
"2026-10-07","INDHOTEL","10:44","10:44","1","10:44","-0.331","-0.108","10","15","68.383","62.919","11","69.486","64.761","2","-0.065","False"
"2026-10-07","INDUSINDBK","10:46","10:48","3","10:48","-0.502","-0.218","10","15","64.186","60.792","12","70.157","66.036","3","0.013","True"
"2026-10-07","IOC","10:47","10:47","1","10:47","-0.345","-0.077","8","15","64.574","64.555","11","73.184","73.855","1","-0.036","False"
"2026-10-07","MPHASIS","10:47","10:47","1","10:47","-0.378","-0.061","9","15","64.313","66.903","11","68.682","71.126","2","0.082","False"
"2026-10-07","RVNL","10:47","10:47","1","10:47","-0.354","-0.051","9","15","70.827","63.077","13","74.143","65.193","3","0.018","True"
"2026-10-07","HAVELLS","10:48","10:48","1","10:48","-0.329","-0.057","10","15","62.142","60.885","11","69.46","72.581","4","0.017","True"
"2026-10-07","VEDL","10:48","10:48","1","10:48","-0.477","-0.058","10","15","60.744","56.804","11","60.744","60.079","2","-0.018","False"
"2026-10-07","UNITDSPR","10:53","10:57","5","10:53","-0.379","-0.327","10","15","78.534","65.743","14","76.072","71.761","0","-0.172","False"
"2026-10-07","HINDPETRO","10:57","10:57","1","10:57","-0.32","-0.073","9","15","60.974","78.568","11","70.801","82.84","2","-0.017","False"
"2026-10-07","NATIONALUM","11:14","11:17","4","11:16","-0.629","-0.568","9","15","63.936","71.241","14","61.277","67.278","0","-0.183","False"
"2026-10-07","INDHOTEL","11:15","11:16","2","11:16","-0.632","-0.625","8","15","73.043","70.869","13","60.724","64.025","1","-0.078","False"
"2026-10-07","NATIONALUM","11:19","11:20","2","11:20","-0.491","-0.185","8","15","64.432","70.686","13","63.912","65.313","3","-0.054","False"
"2026-10-07","TIINDIA","11:20","11:21","2","11:21","-0.393","-0.199","10","15","66.955","62.193","13","64.984","56.014","1","-0.032","False"
"2026-10-07","UPL","11:20","11:20","1","11:20","-0.319","-0.09","8","15","64.831","71.489","11","62.332","80.484","3","-0.024","False"
"2026-10-07","COLPAL","11:29","11:29","1","11:29","-0.314","-0.073","8","15","79.437","71.106","12","88.694","81.583","3","-0.02","False"
"2026-10-07","COLPAL","11:32","11:32","1","11:32","-0.343","-0.113","9","15","81.89","72.472","13","87.585","69.764","2","-0.043","False"
"2026-10-07","INDUSINDBK","11:32","11:34","3","11:34","-0.505","-0.292","9","15","72.475","68.894","14","77.443","73.609","1","-0.114","False"
"2026-10-07","PFC","11:41","11:41","1","11:41","-0.305","-0.092","8","15","61.133","60.172","12","63.414","66.148","0","-0.078","False"
"2026-10-07","HAVELLS","11:42","11:45","4","11:43","-0.33","-0.283","11","15","64.121","64.832","11","69.738","76.466","3","0.054","True"
"2026-10-07","INDUSINDBK","11:42","11:50","9","11:43","-0.405","-0.265","8","15","69.92","67.109","13","68.249","65.622","3","0.036","True"
"2026-10-07","POLYCAB","11:42","11:42","1","11:42","-0.393","-0.258","8","15","80.074","73.185","14","79.471","71.935","2","-0.019","False"
"2026-10-07","CAMS","11:43","11:45","3","11:43","-0.392","-0.193","8","15","75.338","67.6","14","71.017","61.831","1","-0.126","False"
"2026-10-07","MARUTI","11:44","11:45","2","11:44","-0.488","-0.184","8","15","66.435","65.567","12","66.399","63.862","1","-0.053","False"
"2026-10-07","ULTRACEMCO","11:44","11:44","1","11:44","-0.381","-0.065","9","15","72.808","74.04","15","73.169","74.632","1","-0.018","False"
"2026-10-07","BRITANNIA","11:45","11:45","1","11:45","-0.403","-0.239","11","15","63.005","68.594","11","67.149","68.608","1","-0.133","False"
"2026-10-07","COLPAL","11:45","11:46","2","11:45","-0.304","-0.237","9","15","76.076","70.751","14","65.778","64.739","1","-0.067","False"
"2026-10-07","CIPLA","11:46","11:48","3","11:47","-0.42","-0.143","9","15","70.394","69.14","12","70.98","69.903","2","0.073","False"
"2026-10-07","MARUTI","11:47","11:48","2","11:48","-0.393","-0.061","8","15","67.277","67.301","14","64.98","63.987","1","-0.125","False"
"2026-10-07","APLAPOLLO","11:50","11:50","1","11:50","-0.497","-0.093","8","15","62.652","67.305","11","65.423","65.689","3","0.089","True"
"2026-10-07","GODREJPROP","11:50","11:50","1","11:50","-0.307","-0.057","10","15","60.435","64.211","12","62.84","62.592","2","-0.083","False"
"2026-10-07","APLAPOLLO","11:52","11:54","3","11:52","-0.636","-0.228","8","15","63.6","66.761","12","66.702","68.704","3","0.008","True"
"2026-10-07","GLENMARK","11:52","11:53","2","11:52","-0.363","-0.066","12","15","74.528","73.235","12","69.837","60.117","1","-0.044","False"
"2026-10-07","INDHOTEL","11:52","11:52","1","11:52","-0.38","-0.116","11","15","68.717","66.66","13","60.88","69.957","1","-0.087","False"
"2026-10-07","INDUSINDBK","11:52","11:53","2","11:52","-0.529","-0.17","12","15","69.281","65.38","11","70.648","61.217","3","0.026","True"
"2026-10-07","INDHOTEL","11:54","11:56","3","11:54","-0.468","-0.129","12","15","67.881","66.24","12","61.466","64.997","1","-0.14","False"
"2026-10-07","APLAPOLLO","11:57","11:57","1","11:57","-0.465","-0.07","8","15","62.94","64.902","11","63.537","63.223","2","-0.041","False"
"2026-10-07","INDHOTEL","12:02","12:04","3","12:02","-0.381","-0.143","11","15","62.27","63.967","11","63.033","64.354","2","-0.068","False"
"2026-10-07","INDHOTEL","12:06","12:06","1","12:06","-0.327","-0.082","9","15","63.151","60.154","11","65.306","56.359","1","-0.086","False"
"2026-10-07","INDHOTEL","12:09","12:09","1","12:09","-0.341","-0.164","8","15","61.924","58.804","11","60.886","55.801","1","-0.059","False"
"2026-10-07","TIINDIA","12:10","12:15","6","12:14","-0.589","-0.285","10","15","67.478","63.561","12","75.609","74.405","1","-0.109","False"
"2026-10-07","INDHOTEL","12:12","12:16","5","12:14","-0.477","-0.26","10","15","66.159","61.028","13","68.893","62.096","2","-0.042","False"
"2026-10-07","HINDPETRO","12:13","12:16","4","12:16","-0.432","-0.188","10","15","67.179","72.442","15","72.694","73.115","0","-0.133","False"
"2026-10-07","POLYCAB","12:13","12:13","1","12:13","-0.362","-0.092","8","15","75.334","67.449","13","73.632","70.956","2","-0.114","False"
"2026-10-07","MANAPPURAM","12:14","12:14","1","12:14","-0.303","-0.255","8","15","61.905","66.597","11","69.251","83.786","0","-0.074","False"
"2026-10-07","UNIONBANK","12:14","12:15","2","12:15","-0.312","-0.116","10","15","69.477","69.975","12","80.181","81.955","2","-0.006","False"
"2026-10-07","CGPOWER","12:15","12:16","2","12:15","-0.551","-0.133","8","15","69.916","62.845","13","67.015","59.192","4","-0.041","False"
"2026-10-07","PNB","12:17","12:17","1","12:17","-0.34","-0.114","9","15","68.428","68.529","13","78.628","78.518","3","0.014","True"
"2026-10-07","CANBK","12:19","12:20","2","12:20","-0.492","-0.084","10","15","66.851","71.076","11","77.812","78.199","2","-0.048","False"
"2026-10-07","HINDPETRO","12:19","12:20","2","12:20","-0.36","-0.087","11","15","70.92","75.67","15","82.062","88.635","0","-0.021","False"
"2026-10-07","UNIONBANK","12:19","12:21","3","12:21","-0.358","-0.058","10","15","74.063","72.373","13","74.218","67.816","3","0.01","True"
"2026-10-07","NATIONALUM","12:20","12:20","1","12:20","-0.323","-0.077","8","15","73.255","67.393","13","78.457","73.045","2","-0.003","False"
"2026-10-07","BANDHANBNK","12:22","12:23","2","12:23","-0.823","-0.103","11","15","66.705","62.998","11","70.08","64.036","1","-0.066","False"
"2026-10-07","BANKBARODA","12:22","12:24","3","12:23","-0.523","-0.154","12","15","66.908","66.642","11","73.47","74.306","2","0.046","False"
"2026-10-07","CANBK","12:22","12:23","2","12:23","-0.501","-0.101","11","15","69.461","74.091","12","71.789","74.62","1","-0.135","False"
"2026-10-07","YESBANK","12:22","12:22","1","12:22","-0.384","-0.096","8","15","60.213","65.303","13","60.543","63.895","2","-0.018","False"
"2026-10-07","PNB","12:23","12:23","1","12:23","-0.445","-0.14","9","15","72.322","73.537","13","67.207","64.718","2","-0.04","False"
"2026-10-07","VEDL","12:23","12:27","5","12:27","-0.422","-0.345","9","15","64.744","61.939","11","75.806","75.099","4","0.005","True"
"2026-10-07","NATIONALUM","12:24","12:24","1","12:24","-0.308","-0.216","8","15","72.319","62.43","11","62.083","56.145","0","-0.084","False"
"2026-10-07","BANDHANBNK","12:25","12:28","4","12:25","-0.848","-0.236","10","15","65.028","61.69","11","66.557","61.752","2","-0.094","False"
"2026-10-07","CANBK","12:25","12:28","4","12:28","-0.31","-0.159","10","15","72.785","77.674","15","73.466","80.929","2","-0.021","False"
"2026-10-07","INDHOTEL","12:26","12:26","1","12:26","-0.355","-0.239","8","15","71.586","72.468","13","72.59","82.249","1","-0.053","False"
"2026-10-07","PNB","12:26","12:26","1","12:26","-0.332","-0.105","9","15","71.983","69.768","12","61.818","56.927","2","-0.049","False"
"2026-10-07","WIPRO","12:32","12:36","5","12:34","-0.443","-0.331","11","15","69.953","65.142","14","72.371","62.065","1","-0.046","False"
"2026-10-07","APLAPOLLO","12:33","12:33","1","12:33","-0.318","-0.154","11","15","79.866","83.298","15","78.564","81.859","1","-0.111","False"
"2026-10-07","TATAELXSI","12:33","12:33","1","12:33","-0.315","-0.077","10","15","65.927","66.779","12","77.068","74.167","3","-0.046","False"
"2026-10-07","ULTRACEMCO","12:42","12:42","1","12:42","-0.327","-0.094","8","15","62.993","59.76","14","66.367","59.044","1","-0.028","False"
"2026-10-07","HINDPETRO","12:52","12:54","3","12:53","-0.477","-0.131","8","15","72.307","74.874","14","69.248","70.789","1","-0.069","False"
"2026-10-07","HINDPETRO","12:58","13:03","6","13:01","-0.435","-0.145","10","15","73.974","76.36","15","79.949","85.133","0","-0.089","False"
"2026-10-07","AUBANK","13:00","13:01","2","13:00","-0.449","-0.34","8","15","66.786","69.707","11","66.46","68.515","0","-0.154","False"
"2026-10-07","INDUSINDBK","13:00","13:00","1","13:00","-0.432","-0.341","10","15","63.992","57.718","11","63.776","59.337","0","-0.143","False"
"2026-10-07","FEDERALBNK","13:04","13:06","3","13:06","-0.525","-0.186","9","15","62.976","70.501","13","63.526","69.015","1","-0.079","False"
"2026-10-07","ETERNAL","13:05","13:08","4","13:06","-0.482","-0.091","11","15","62.322","73.317","13","69.421","78.991","1","-0.022","False"
"2026-10-07","SBIN","13:07","13:12","6","13:11","-0.541","-0.295","13","15","68.188","70.872","13","65","71.414","2","-0.046","False"
"2026-10-07","BANDHANBNK","13:08","13:09","2","13:09","-0.556","-0.324","10","15","67.308","70.107","13","65.467","62.333","0","-0.146","False"
"2026-10-07","HINDPETRO","13:08","13:13","6","13:11","-0.465","-0.277","9","15","78.773","77.806","15","81.221","79.081","1","-0.21","False"
"2026-10-07","PNB","13:08","13:14","7","13:10","-0.544","-0.334","11","15","76.491","69.187","15","69.491","64.566","1","-0.158","True"
"2026-10-07","INFY","13:09","13:10","2","13:10","-0.392","-0.257","8","15","70.345","67.406","14","70.733","65.11","1","-0.076","False"
"2026-10-07","MFSL","13:09","13:09","1","13:09","-0.357","-0.179","10","15","63.467","66.447","11","60.253","62.776","3","-0.044","False"
"2026-10-07","NAUKRI","13:09","13:09","1","13:09","-0.407","-0.334","9","15","62.422","64.424","11","64.164","71.933","2","-0.027","False"
"2026-10-07","ULTRACEMCO","13:09","13:12","4","13:10","-0.516","-0.31","11","15","71.711","74.649","15","74.772","74.143","2","-0.031","False"
"2026-10-07","APLAPOLLO","13:10","13:14","5","13:14","-0.347","-0.056","10","15","85.183","82.471","12","83.71","83.09","3","0.178","True"
"2026-10-07","CANBK","13:10","13:12","3","13:11","-0.73","-0.354","11","15","67.583","66.357","12","60.766","65.365","1","-0.184","False"
"2026-10-07","FEDERALBNK","13:10","13:13","4","13:11","-0.633","-0.124","9","15","65.126","77.3","15","62.36","79.443","2","-0.132","False"
"2026-10-07","M&M","13:10","13:11","2","13:10","-0.302","-0.174","12","15","76.329","68.208","13","83.595","74.362","1","-0.082","False"
"2026-10-07","POWERGRID","13:10","13:12","3","13:11","-0.47","-0.275","12","15","64.604","65.13","11","61.118","61.32","2","-0.086","False"
"2026-10-07","SAMMAANCAP","13:10","13:16","7","13:15","-0.621","-0.308","10","15","75.114","73.304","15","74.686","70.807","3","0.003","True"
"2026-10-07","TMPV","13:10","13:12","3","13:11","-0.496","-0.195","11","15","60.819","66.322","13","66.987","64.769","2","-0.164","False"
"2026-10-07","UNIONBANK","13:10","13:13","4","13:12","-0.636","-0.423","14","15","68.519","65.986","12","69.721","69.865","1","-0.033","False"
"2026-10-07","GLENMARK","13:11","13:11","1","13:11","-0.344","-0.14","8","15","70.046","68.876","13","62.399","63.653","0","-0.168","False"
"2026-10-07","INDHOTEL","13:11","13:12","2","13:11","-0.464","-0.348","11","15","76.067","67.82","15","72.519","65.652","0","-0.185","False"
"2026-10-07","MARUTI","13:11","13:12","2","13:12","-0.341","-0.114","11","15","62.487","65.224","12","69.476","68.009","1","0.01","False"
"2026-10-07","NATIONALUM","13:11","13:12","2","13:11","-0.416","-0.309","11","15","66.642","68.337","12","70.415","72.565","0","-0.105","False"
"2026-10-07","NCC","13:11","13:12","2","13:12","-0.338","-0.063","11","15","67.654","65.133","12","64.445","61.328","1","-0.1","False"
"2026-10-07","GODREJPROP","13:12","13:12","1","13:12","-0.664","-0.355","11","15","66.316","63.336","11","60.478","62.637","1","-0.108","False"
"2026-10-07","AUBANK","13:13","13:13","1","13:13","-0.661","-0.06","10","15","62.409","64.857","11","63.776","66.177","2","-0.055","False"
"2026-10-07","GODREJPROP","13:14","13:15","2","13:14","-0.55","-0.146","10","15","68.23","65.156","12","64.518","66.651","3","0.024","True"
"2026-10-07","ULTRACEMCO","13:14","13:14","1","13:14","-0.319","-0.075","10","15","69.564","69.725","14","62.761","57.419","1","-0.054","False"
"2026-10-07","ULTRACEMCO","13:19","13:19","1","13:19","-0.366","-0.085","9","15","65.893","65.845","13","60.328","67.072","1","-0.006","False"
"2026-10-07","ETERNAL","13:32","13:35","4","13:33","-0.727","-0.501","9","15","64.984","67.148","14","64.516","63.433","2","-0.007","False"
"2026-10-07","ETERNAL","13:37","13:42","6","13:39","-0.819","-0.198","9","15","64.858","65.562","15","65.167","66.677","3","0.007","True"
"2026-10-07","FEDERALBNK","13:48","13:48","1","13:48","-0.31","-0.078","9","15","62.35","73.925","13","69.166","81.528","0","-0.083","False"
"2026-10-07","SBIN","13:55","13:55","1","13:55","-0.321","-0.337","9","15","73.75","70.94","14","69.713","69.472","1","-0.068","False"
"2026-10-07","SBIN","13:57","13:59","3","13:57","-0.326","-0.295","9","15","70.803","68.041","14","66.588","65.369","0","-0.085","False"
"2026-10-07","GLENMARK","13:59","14:05","7","14:05","-0.466","-0.053","10","15","80.222","67.973","13","83.546","77.487","1","-0.106","False"
"2026-10-07","ADANIPORTS","14:00","14:00","1","14:00","-0.577","-0.457","12","15","64.872","63.226","11","62.891","60.12","1","-0.028","False"
"2026-10-07","SBIN","14:01","14:01","1","14:01","-0.332","-0.19","9","15","69.239","62.569","12","71.51","59.537","0","-0.079","False"
"2026-10-07","SUZLON","14:01","14:01","1","14:01","-0.311","-0.156","8","15","70.484","62.846","14","70.05","65.524","1","-0.078","False"
"2026-10-07","CGPOWER","14:02","14:03","2","14:03","-0.324","-0.084","10","15","67.954","62.454","12","67.8","57.516","1","-0.123","False"
"2026-10-07","ADANIPORTS","14:12","14:12","1","14:12","-0.389","-0.092","8","15","69.623","65.121","11","74.556","65.578","2","-0.018","False"
"2026-10-07","NAUKRI","14:12","14:14","3","14:14","-0.303","-0.196","9","15","70.01","72.548","13","71.271","76.203","1","-0.072","False"
"2026-10-07","PAYTM","14:13","14:14","2","14:14","-0.414","-0.231","9","15","66.288","61.274","11","69.032","65.138","2","-0.019","False"
"2026-10-07","NATIONALUM","14:36","14:41","6","14:41","-0.418","-0.109","10","15","68.712","68.004","12","81.301","78.03","0","-0.032","False"
"2026-10-07","NAUKRI","14:37","14:38","2","14:38","-0.352","-0.18","10","15","60.603","69.885","11","67.864","73.762","0","-0.053","False"
"2026-10-07","NAUKRI","14:40","14:44","5","14:44","-0.385","-0.082","10","15","64.221","75.005","11","72.639","78.611","2","-0.047","False"
"2026-10-07","BANDHANBNK","14:42","14:42","1","14:42","-0.343","-0.092","11","15","74.227","67.508","14","80.677","72.593","2","-0.083","False"
"2026-10-07","BANDHANBNK","14:44","14:44","1","14:44","-0.349","-0.055","11","15","73.795","64.564","13","73.147","62.283","2","-0.05","False"
"2026-10-07","TVSMOTOR","14:44","14:45","2","14:45","-0.302","-0.081","10","15","68.731","66.317","14","67.445","69.915","1","-0.045","False"
"2026-10-07","INDHOTEL","14:45","14:45","1","14:45","-0.354","-0.191","10","15","63.394","65.797","13","62.684","70.411","2","-0.125","False"
"2026-10-07","APLAPOLLO","14:46","14:46","1","14:46","-0.3","-0.15","10","15","70.454","74.88","12","63.624","68.715","4","0.146","True"
"2026-10-07","INDHOTEL","14:47","14:49","3","14:49","-0.395","-0.109","10","15","61.187","68.628","14","61.502","70.607","3","-0.009","False"
"2026-10-07","NAUKRI","14:47","14:48","2","14:48","-0.377","-0.058","9","15","70.486","72.379","12","78.787","68.435","3","-0.005","False"
"2026-10-07","TVSMOTOR","14:47","14:49","3","14:47","-0.443","-0.081","11","15","68.531","67.835","13","68.679","69.591","1","-0.057","False"
"2026-10-07","APLAPOLLO","14:49","14:51","3","14:51","-0.497","-0.212","9","15","71.601","78.18","12","72.525","79.642","2","-0.006","False"
"2026-10-07","ETERNAL","14:49","14:49","1","14:49","-0.32","-0.168","8","15","81.09","73.937","15","81.434","71.726","1","-0.109","False"
"2026-10-07","PAYTM","14:49","14:51","3","14:51","-0.397","-0.213","10","15","63.828","63.028","12","65.702","65.114","2","-0.036","False"
"2026-10-07","TORNTPHARM","14:50","14:50","1","14:50","-0.321","-0.136","10","15","65.264","64.45","11","73.044","71.073","1","-0.028","False"
"2026-10-07","FEDERALBNK","14:51","14:51","1","14:51","-0.323","-0.108","8","15","78.251","78.168","14","77.912","77.572","3","0.005","True"
"2026-10-07","INDHOTEL","14:51","14:51","1","14:51","-0.389","-0.144","11","15","61.949","70.355","14","60.964","71.265","3","-0.018","False"
