date,time_ist,symbol,side,entry,target,stop,target_time_ist,outcome,mfe_to_close_pct,mae_before_target_pct,branch,ret15_pct,rsi14,mfi14,vwap10_gap_pct,green_volume_15_share_pct,green_volume_50_share_pct,recovery15_pct,bid_drift15_pct,depth_imbalance15,ofi15,volume_ratio_last3_prev3
2026-10-06,09:48:00,KALYANKJIL,SELL,572.9,561.442,575.1916,10:15:00,Target2,4.599,0.096,2,-1.147,29.167,19.599,0.13,32.96,59.23,0.641,-1.13,-0.117,0.0092,0.338
2026-10-08,09:30:00,ADANIENSOL,SELL,1298.3,1272.334,1303.4932,10:26:00,Target2,4.39,0.308,1,-2.325,28.144,20.373,-0.388,22.8,22.8,0.457,-1.022,0.0248,0.0558,3.013
2026-10-08,09:30:00,ADANIENT,SELL,2678.2,2624.636,2688.9128,10:22:00,Target2,4.817,0.269,1,-2.263,24.658,24.834,-0.329,19.74,19.74,0.631,-1.656,-0.0121,-0.2662,1.018
2026-10-08,09:30:00,ADANIGREEN,SELL,1313.9,1287.622,1319.1556,10:19:00,Target2,7.953,0.32,2,-2.123,27.557,29.884,-0.013,29.4,29.4,0.551,-1.278,0.1094,-0.2096,1.499
2026-10-08,09:30:00,BANDHANBNK,SELL,160.9,157.682,161.5436,11:21:00,Target2,3.984,0.019,1,-1.464,30.918,39.59,-0.198,22.73,22.73,0.374,-0.894,-0.0698,0.066,0.774
2026-10-08,09:30:00,BDL,SELL,1072,1050.56,1076.288,12:33:00,Target2,2.248,0.271,2,-1.08,33.607,20.676,0.284,49.98,49.98,0.648,-0.732,0.0932,-0.6688,0.543
2026-10-08,09:30:00,HINDZINC,SELL,546.95,536.011,549.1378,12:01:00,Target2,2.532,0.192,3,-1.291,28.986,31.63,0.105,28.83,28.83,0.303,-0.482,0.0805,1.3596,3.538
2026-10-08,09:30:00,INOXWIND,SELL,65.82,64.5036,66.0833,11:25:00,Target2,3.905,0.198,1,-1.937,33.984,22.47,-0.237,20.43,20.43,0.305,-1.186,-0.0496,-0.0471,0.319
2026-10-08,09:30:00,PIIND,SELL,2186.1,2142.378,2194.8444,11:28:00,Target2,2.905,0.156,1,-1.193,34.959,32.775,-0.14,28.71,28.71,0.225,-0.465,0.0367,-0.006,0.59
2026-10-08,09:30:00,SUZLON,SELL,37.87,37.1126,38.0215,11:28:00,Target2,3.01,0.238,2,-1.509,27.711,14.386,-0.078,47.02,47.02,0.425,-0.968,-0.1096,-0.0318,1.339
2026-10-08,10:49:00,NCC,SELL,124.31,121.8238,124.8072,12:24:00,Target2,2.687,0.145,1,-1.011,30.218,5.498,-0.262,22.47,26.37,0.477,-1.019,-0.147,0.3148,0.299
