date,time_ist,symbol,side,entry,target,stop,outcome,resolved_time_ist,mfe_pct,mae_before_target_pct,branch,return15_pct,rsi14,pullback_from_high_pct,vwap15_gap_pct,day_return_pct,ask_drift15_pct,depth_imbalance15,normalized_ofi15,green_volume15_pct
2026-10-06,09:30:00,IDEA,BUY,12.94,13.1988,12.8882,Target2,09:40:00,2.164,0.155,2,1.331,64.516,0.464,0.389,1.331,0.857,0.1013,0.0552,62.43
2026-10-06,09:32:00,BHEL,BUY,434.7,443.394,432.9612,Target2,09:48:00,4.394,0.081,2,1.494,69.962,0.644,0.122,1.34,1.459,0.1118,-0.1805,64.76
2026-10-06,09:32:00,DIXON,BUY,12833,13089.66,12781.668,Unresolved,,1.605,0.335,1,1.127,71.583,0.327,0.412,0.643,1.079,0.1266,0.0578,83.55
2026-10-06,09:32:00,HINDUNILVR,BUY,1860.7,1897.914,1853.2572,Stopped,10:27:00,1.854,0.408,2,1.119,74.239,0.548,0.169,0.709,1.07,0.0609,0.0699,76.21
2026-10-06,09:32:00,PAGEIND,BUY,38330,39096.6,38176.68,Stopped,09:32:00,0.026,1.839,1,1.738,73.295,0.287,0.424,1.995,1.67,0.0052,0.0108,76.32
2026-10-06,09:34:00,JUBLFOOD,BUY,452.85,461.907,451.0386,Target2,14:55:00,2.043,0.386,1,1.365,72.864,0.243,0.478,1.638,1.365,0.253,0.2974,82.22
2026-10-06,09:35:00,JINDALSTEL,BUY,1056.7,1077.834,1052.4732,Target2,10:04:00,3.028,0,2,1.527,70.633,0.776,0.269,-3,1.527,-0.0175,-0.0852,48.51
2026-10-06,09:40:00,BLUESTARCO,BUY,1553.4,1584.468,1547.1864,Unresolved,,1.622,0.051,1,1.258,74.138,0.425,0.322,2.983,1.258,0.0411,0.0409,69.07
2026-10-06,10:00:00,TRENT,BUY,2875.1,2932.602,2863.5996,Stopped,10:02:00,1.325,1.464,1,1.554,68.871,0.275,0.613,2.682,1.622,0.0723,-0.0706,76.32
2026-10-06,13:05:00,DABUR,BUY,391,398.82,389.436,Stopped,13:11:00,0.051,1.189,2,1.125,66.109,0.524,0.159,3.467,1.112,-0.1536,0.0317,62.16
2026-10-07,09:30:00,ADANIGREEN,BUY,1361.1,1388.322,1355.6556,Stopped,09:34:00,0.926,1.976,2,3.625,72.603,1.102,0.4,3.625,2.331,0.1327,-0.3019,55.09
2026-10-07,09:31:00,BANDHANBNK,BUY,164.8,168.096,164.1408,Stopped,09:37:00,1.693,1.359,2,1.836,72.024,0.674,0.098,0.347,1.842,-0.027,0.5361,74.49
2026-10-07,09:32:00,ADANIENSOL,BUY,1364.3,1391.586,1358.8428,Stopped,09:36:00,0.227,4.339,2,1.638,67.832,0.403,0.152,1.119,1.646,-0.0376,0.2924,54.78
2026-10-07,09:35:00,KALYANKJIL,BUY,565.6,576.912,563.3376,Stopped,09:36:00,2.723,1.07,1,1.245,71.698,0.31,0.784,3.261,1.272,-0.0637,0.0733,61.99
2026-10-07,09:36:00,PFC,BUY,331.15,337.773,329.8254,Stopped,09:40:00,0.015,2.567,1,2.112,72.444,0.332,0.403,2.555,2.08,-0.0309,-0.0443,84.29
2026-10-07,09:49:00,MANAPPURAM,BUY,314.35,320.637,313.0926,Stopped,10:03:00,0.414,1.845,1,1.207,75.168,0.398,0.262,1.37,1.207,0.2427,-0.0441,83.15
2026-10-07,09:57:00,NCC,BUY,127.38,129.9276,126.8705,Stopped,13:06:00,0.895,0.683,2,1.111,68.862,0.502,0.183,-0.771,1.095,0.1938,-0.2969,60.09
2026-10-07,10:22:00,KOTAKBANK,BUY,439,447.78,437.244,Unresolved,,0.569,0.228,1,1.14,71.667,0.296,0.339,1.609,1.082,-0.2281,0.0787,79.76
2026-10-07,10:25:00,SBIN,BUY,961.55,980.781,957.7038,Stopped,10:37:00,0.244,1.648,2,1.003,71.729,0.458,0.098,0.686,0.966,-0.0892,0.4584,63.73
2026-10-07,10:30:00,HUDCO,BUY,163.26,166.5252,162.607,Stopped,10:34:00,0.368,1.642,1,1.008,74.769,0.214,0.41,1.643,1.064,-0.0255,0.5569,81.21
2026-10-07,10:33:00,BAJFINANCE,BUY,969.45,988.839,965.5722,Stopped,10:35:00,1.501,0.748,2,1.121,67.368,0.567,0.02,0.036,1.137,-0.2848,0.2634,57.8
2026-10-07,11:49:00,BSE,BUY,3362.5,3429.75,3349.05,Stopped,11:51:00,0.3,0.857,1,1.04,75.455,0.211,0.408,2.968,1.049,0.0884,-0.119,79.62
2026-10-07,11:57:00,IDEA,BUY,13.35,13.617,13.2966,Stopped,12:12:00,0.375,1.648,1,1.136,66.667,0.3,0.332,1.29,1.06,-0.0358,0.0254,76.35
2026-10-08,09:42:00,CYIENTDLM,BUY,965.1,984.402,961.2396,Target2,10:12:00,2.777,0,2,1.371,66.543,0.404,0.538,-2.422,1.36,-0.0659,0.3826,62.14
2026-10-08,09:44:00,TATATECH,BUY,717.15,731.493,714.2814,Stopped,09:46:00,0.816,2.531,1,1.099,71.693,0.314,0.202,2.23,1.135,0.1043,-0.3182,71.61
2026-10-08,11:15:00,ADANIENSOL,BUY,1273.5,1298.97,1268.406,Stopped,11:27:00,0.353,2.528,2,1.248,75.093,0.612,0.142,-4.169,1.312,-0.0786,-0.0205,71.97
