date,symbol,signal_ist,entry,target,stop,outcome,outcome_ist,mfe_to_exit_pct,mae_to_exit_pct,remaining_session_high_pct,remaining_session_low_pct,breakoutHigh,supportAt,supportFull,trendPct,baseRangePct,volumeRatio,liveFlow,liveVolumePace
"2026-10-05","BANKINDIA","10:15:31",134.5,135.84,133.83,"Target first","10:16",1.02,0,1.02,-1.27,134.37,"10:14",0.49,0.637,0.186,0.435,0.454,7.924
"2026-10-05","MPHASIS","12:02:15",2278.8,2301.59,2267.41,"Target first","13:06",1.05,-0.18,1.22,-0.18,2278.2,"12:01",0.403,0.681,0.543,0.761,0.36,2.206
"2026-10-05","ADANIENT","13:44:51",2880.8,2909.61,2866.4,"Stop first","14:03",0.34,-0.55,0.34,-1.1,2877.2,"13:42",0.434,0.722,0.366,0.762,0.159,1.533
"2026-10-05","TATAELXSI","13:45:32",3111,3142.11,3095.45,"Stop first","14:58",0.16,-0.5,0.16,-0.65,3109.5,"13:43",0.484,0.606,0.168,0.218,0.658,13.724
"2026-10-06","BHEL","09:27:29",432.95,437.28,430.79,"Target first","09:29",1,-0.05,4.82,-0.05,432.6,"09:24",0.44,0.864,0.185,0.533,0.714,1.936
"2026-10-06","PGEL","09:58:24",499.75,504.75,497.25,"Target first","10:24",1.01,-0.32,6.45,-0.32,499.05,"09:55",0.532,0.707,0.271,0.614,0.104,11.499
"2026-10-06","PIDILITIND","10:27:42",1494.2,1509.14,1486.73,"Target first","12:36",1.08,-0.31,2.03,-0.31,1491.5,"10:26",0.443,0.641,0.249,0.615,0.379,2.274
"2026-10-06","NAUKRI","11:43:15",1220.4,1232.6,1214.3,"Target first","13:55",1.01,-0.22,1.69,-0.22,1218.4,"11:42",0.471,0.669,0.099,0.158,0.364,6.127
"2026-10-07","INDIGO","09:28:58",5026.4,5076.66,5001.27,"Stop first","12:39",0.85,-0.57,0.85,-0.71,5025,"09:26",0.521,0.726,0.259,0.472,0.14,1.639
"2026-10-07","HAVELLS","09:29:41",1056.5,1067.07,1051.22,"Target first","12:00",1.09,-0.29,1.5,-0.29,1055.5,"09:28",0.704,0.793,0.199,0.16,0.473,10.957
"2026-10-07","BDL","10:27:21",1088.9,1099.79,1083.46,"Stop first","10:33",0.01,-0.52,0.43,-0.81,1088.2,"10:26",0.77,0.602,0.203,0.337,0.126,5.07
"2026-10-07","UNIONBANK","14:33:21",174.84,176.59,173.97,"Stop first","14:35",0,-0.62,-0.1,-1.05,174.78,"14:32",0.602,0.925,0.149,0.266,0.105,2.28
