"date_ist","stock","first_detected_ist","last_detected_ist","consecutive_matching_windows","peak_window_detected_ist","peak_window_15m_candle_return_pct","peak_window_last5m_candle_return_pct","red_candles_of_15","valid_depth_minutes_of_15","full_5_level_bid_share_pct","top_2_level_bid_share_pct","bid_dominant_minutes","last5m_full_bid_share_pct","last5m_top2_bid_share_pct","positive_flow_minutes_last5_at_peak","mean_normalized_flow_last5_at_peak","positive_flow_confirmed_any_window","window_candle_bars","traded_candle_volume_shares","green_candle_volume_proxy_shares","green_candle_volume_proxy_pct","avg_displayed_5level_bid_shares","avg_displayed_5level_ask_shares","displayed_bid_ask_ratio","avg_displayed_top2_bid_shares","avg_displayed_top2_ask_shares","avg_bid_orders_5levels","avg_ask_orders_5levels","strong_bid_minutes_of_15","strong_bid_ticks","valid_depth_ticks","strong_bids_with_negative_flow_minutes","positive_flow_minutes_of_15","repeated_bid_wall_price","repeated_bid_wall_median_shares","repeated_bid_wall_minutes"
"2026-10-07","GLENMARK","09:32","09:32","1","09:32","-1.011","-0.253","12","15","62.117","66.066","11","72.061","76.66","4","-0.004","False","15","17684","4881","27.6","379","173","2.19","278","88","11.8","12.2","7","102","214","1","7","2295","903","3"
"2026-10-07","IIFL","09:34","09:44","11","09:42","-1.265","-0.363","10","15","75.454","68.945","13","81.72","67.646","3","0.001","True","15","129224","31678","24.5","1947","556","3.5","620","153","16.3","16.8","12","158","228","7","6","591","1655","6"
"2026-10-07","ANGELONE","09:36","09:39","4","09:38","-0.723","-0.74","12","15","60.433","62.993","12","65.226","70.703","1","-0.086","False","15","620731","189466","30.5","12618","8092","1.56","3444","1711","43.8","43.6","10","567","1046","8","3","296.1","5619","9"
"2026-10-07","PRESTIGE","09:37","09:41","5","09:41","-0.365","-0.117","10","15","65.171","63.972","12","63.889","61.309","1","-0.056","False","15","20516","5593","27.3","318","130","2.44","185","46","12.9","13","8","480","962","7","2","1449","963","3"
"2026-10-07","UNITDSPR","09:38","09:40","3","09:40","-0.378","-0.238","9","15","75.011","63.242","13","75.197","61.741","1","-0.046","False","15","24078","6918","28.7","1044","255","4.09","266","79","17.6","15.7","12","130","230","7","7","1346.2","887","6"
"2026-10-07","GLENMARK","09:39","09:41","3","09:40","-1.065","-0.329","12","15","65.47","65.646","11","74.149","68.708","2","0.071","False","15","21616","2853","13.2","553","197","2.8","332","98","13.9","13.1","9","124","231","3","6","2295","903","3"
"2026-10-07","ANGELONE","09:41","09:43","3","09:43","-0.707","-0.051","10","15","63.395","67.354","14","64.484","67.846","3","-0.066","False","15","582284","235772","40.5","12754","7295","1.75","3598","1519","43.6","44.2","13","641","1085","8","5","295","11980","4"
"2026-10-07","HEROMOTOCO","09:41","09:41","1","09:41","-0.407","-0.427","9","15","62.196","59.947","13","63.186","63.546","1","-0.166","False","15","16807","4095","24.4","482","287","1.68","137","84","29.7","25.9","10","94","231","7","5","5045","434","6"
"2026-10-07","NATIONALUM","09:41","09:42","2","09:41","-0.713","-0.168","9","15","62.394","61.949","11","61.272","58.494","2","-0.021","False","15","648807","176899","27.3","16746","6764","2.48","4697","1473","75","40.7","6","219","492","4","7","327","19192","4"
"2026-10-07","HEROMOTOCO","09:44","09:44","1","09:44","-0.426","-0.149","8","15","65.364","62.31","15","63.563","62.645","2","-0.126","False","15","17227","4861","28.2","483","241","2","132","67","29.7","25.5","13","122","233","8","5","5045","434","5"
"2026-10-07","ADANIGREEN","09:45","09:49","5","09:48","-1.004","-0.207","10","15","61.983","59.624","11","66.184","63.651","1","-0.07","False","15","414801","87491","21.1","2972","1581","1.88","1037","529","22.1","22.6","9","564","1232","8","3","1353","1798","8"
"2026-10-07","BEL","09:46","09:48","3","09:48","-0.393","-0.17","9","15","65.367","64.979","12","71.917","69.534","0","-0.216","False","15","593598","170487","28.7","15970","7804","2.05","4883","1575","99.3","45.6","9","165","334","6","5","381","15047","8"
"2026-10-07","CIPLA","09:47","09:54","8","09:54","-0.366","-0.067","8","15","68.455","65.302","12","69.722","72.175","2","-0.013","False","15","17377","7027","40.4","886","313","2.83","339","102","20.2","15.5","11","167","285","6","5","1336.2","1854","5"
"2026-10-07","HEROMOTOCO","09:47","09:51","5","09:48","-0.525","-0.169","10","15","66.067","64.296","15","66.44","64.501","0","-0.196","False","15","17498","3043","17.4","465","224","2.08","137","61","31.4","25.4","11","140","239","7","3","5040","362","5"
"2026-10-07","ANGELONE","09:49","09:49","1","09:49","-0.69","-0.085","9","15","64.509","67.626","15","64.426","66.903","3","0.006","True","15","375266","113467","30.2","12751","6869","1.86","3750","1557","46.8","44.8","13","560","844","7","8","295","7125","8"
"2026-10-07","GLENMARK","09:49","09:49","1","09:49","-0.328","-0.088","9","15","69.158","67.35","11","64.888","70.802","1","-0.061","False","15","20198","5607","27.8","733","204","3.59","314","76","14.3","12","11","163","314","7","6","2280","1273","6"
"2026-10-07","BEL","09:50","09:52","3","09:52","-0.301","-0.105","9","15","67.536","67.243","13","74.287","72.15","2","-0.052","False","15","549535","194151","35.3","18263","7699","2.37","4230","1509","140.9","46.5","11","230","390","7","6","381","15047","8"
"2026-10-07","ANGELONE","09:51","09:52","2","09:51","-0.573","-0.22","9","15","63.046","66.771","14","61.763","68.755","1","-0.075","False","15","375154","113467","30.2","12342","7116","1.73","3771","1670","48.1","45.3","12","449","715","6","8","295","7083","9"
"2026-10-07","HEROMOTOCO","09:58","09:58","1","09:58","-0.308","-0.1","9","15","68.876","69.198","14","71.994","71.886","1","-0.163","False","15","12893","4324","33.5","573","220","2.6","150","49","38.1","24.9","10","147","229","7","3","5019","440","7"
"2026-10-07","HINDPETRO","09:58","10:05","8","10:03","-0.519","-0.072","11","15","66.369","69.898","14","76.621","74.756","1","-0.027","False","15","124429","12825","10.3","10864","4533","2.4","3027","756","85.1","45.8","9","132","235","6","3","345","14678","6"
"2026-10-07","MANAPPURAM","10:02","10:03","2","10:03","-0.492","-0.207","9","15","62.443","57.035","11","65.54","58.682","4","0.006","True","15","261513","146692","56.1","7793","4337","1.8","1456","896","39.5","33.7","7","176","473","4","5","314.45","6496","4"
"2026-10-07","SIEMENS","10:05","10:06","2","10:06","-0.426","-0.152","9","15","61.838","62.114","11","65.741","64.189","2","-0.049","False","15","5041","1495","29.7","91","52","1.74","41","29","10.6","8.9","9","551","1076","6","5","3809","220","3"
"2026-10-07","VEDL","10:06","10:06","1","10:06","-0.476","-0.115","10","15","65.581","63.324","11","74.565","77.101","1","-0.014","False","15","519362","63366","12.2","30023","13891","2.16","8590","3213","176","59.8","9","153","299","6","5","261.05","23917","6"
"2026-10-07","NCC","10:10","10:10","1","10:10","-0.367","-0.203","10","15","69.008","72.713","12","63.677","65.974","1","-0.052","False","15","436305","99269","22.8","3674","1009","3.64","2491","269","13.2","12.6","13","212","341","8","6","128","9136","8"
"2026-10-07","ASTRAL","10:11","10:11","1","10:11","-0.576","-0.306","8","15","65.728","64.367","11","63.218","64.494","2","-0.099","False","15","74944","13808","18.4","546","265","2.06","221","101","16.6","18.2","10","451","796","6","6","1435","854","5"
"2026-10-07","INDHOTEL","10:11","10:11","1","10:11","-0.331","-0.169","9","15","68.657","66.206","12","73.851","77.853","2","-0.029","False","15","163824","48212","29.4","1961","829","2.37","644","215","16","17.1","13","444","718","11","3","738.8","1069","8"
"2026-10-07","VEDL","10:11","10:11","1","10:11","-0.363","-0.191","10","15","69.109","65.567","12","77.511","71.125","2","0.018","False","15","470895","60894","12.9","34046","12960","2.63","8815","3109","221.5","61.7","10","173","314","7","5","261.05","21212","11"
"2026-10-07","ASTRAL","10:14","10:15","2","10:14","-0.444","-0.084","8","15","65.984","64.389","12","62.624","59.775","1","-0.127","False","15","66976","12178","18.2","544","265","2.05","211","101","16.9","18.2","11","408","700","6","6","1435","674","7"
"2026-10-07","POLYCAB","10:14","10:14","1","10:14","-0.327","-0.173","9","15","67.157","61.841","11","70.444","66.325","2","-0.057","False","15","9576","3158","33","244","93","2.63","80","33","18.8","17.7","11","260","511","7","5","8080","211","6"
"2026-10-07","MPHASIS","10:15","10:15","1","10:15","-0.322","-0.061","11","15","61.69","62.821","11","64.102","62.661","2","-0.002","False","15","8626","2442","28.3","189","125","1.52","88","55","13.9","11.4","11","360","674","6","7","2290.3","84","7"
"2026-10-07","ASTRAL","10:18","10:18","1","10:18","-0.536","-0.397","9","15","63.731","62.176","11","61.764","58.747","1","-0.091","False","15","57412","8236","14.3","485","268","1.81","189","107","16.9","18.1","10","213","439","5","6","1434","215","8"
"2026-10-07","UNITDSPR","10:21","10:21","1","10:21","-0.325","-0.185","9","15","71.203","63.475","12","62.778","60.93","3","0.061","True","15","26850","9898","36.9","879","240","3.66","194","73","18.1","12.8","11","235","406","9","4","1350.1","469","11"
"2026-10-07","INDUSINDBK","10:32","10:33","2","10:32","-0.599","-0.223","9","15","61.607","60.298","12","62.89","63.17","2","-0.015","False","15","70985","21575","30.4","670","345","1.95","318","113","14.8","13.4","9","305","662","2","11","899.2","3448","3"
"2026-10-07","HINDPETRO","10:34","10:39","6","10:37","-0.679","-0.391","11","15","71.492","73.733","13","68.063","71.546","2","-0.158","False","15","155493","15296","9.8","15539","5266","2.95","4261","790","86.4","40","13","202","275","10","3","345","11276","10"
"2026-10-07","EXIDEIND","10:35","10:36","2","10:36","-0.721","-0.429","12","15","71.253","66.603","13","77.738","74.214","1","-0.103","False","15","64329","3206","5","1425","504","2.83","478","142","33.9","19.6","14","174","262","12","2","407","2489","4"
"2026-10-07","HEROMOTOCO","10:35","10:37","3","10:37","-0.854","-0.587","11","15","64.55","62.477","14","61.198","60.804","0","-0.287","False","15","25521","1587","6.2","466","240","1.95","128","62","30.9","26.5","9","151","328","7","3","5020","411","9"
"2026-10-07","CGPOWER","10:36","10:38","3","10:37","-0.463","-0.375","8","15","66.995","63.203","12","74.012","65.736","1","-0.217","False","15","45700","30786","67.4","1565","803","1.95","591","260","17.6","15.7","10","147","275","8","3","907.5","1560","6"
"2026-10-07","INDHOTEL","10:36","10:37","2","10:37","-0.365","-0.385","11","15","68.958","66.71","13","66.944","59.94","1","-0.235","False","15","101916","23232","22.8","2394","979","2.45","838","308","20.2","16.6","12","171","275","9","3","738.6","2174","7"
"2026-10-07","INDUSINDBK","10:36","10:39","4","10:37","-0.712","-0.313","9","15","63.368","62.423","13","63.62","62.745","1","-0.08","False","15","49697","11768","23.7","722","327","2.21","321","109","16.2","13.2","12","225","417","5","7","896","638","4"
"2026-10-07","AMBUJACEM","10:37","10:38","2","10:37","-0.404","-0.223","8","15","63.17","68.84","12","71.207","75.575","1","-0.069","False","15","81313","18024","22.2","3410","1556","2.19","2033","465","23.2","17.7","8","143","267","6","5","359.15","7929","4"
"2026-10-07","APLAPOLLO","10:37","10:37","1","10:37","-0.319","-0.197","9","15","71.703","67.69","12","83.591","75.203","1","-0.04","False","15","8358","1646","19.7","234","54","4.32","83","16","11.4","9.7","11","254","392","6","8","2125.5","369","5"
"2026-10-07","POLYCAB","10:37","10:37","1","10:37","-0.543","-0.359","8","15","71.61","66.961","13","68.268","64.587","0","-0.208","False","15","7332","2034","27.7","287","86","3.34","107","28","17.5","16.3","11","442","652","7","5","8086.5","591","4"
"2026-10-07","SBILIFE","10:37","10:37","1","10:37","-0.388","-0.168","10","15","63.34","58.809","11","66.298","56.241","0","-0.104","False","15","21923","12914","58.9","307","176","1.74","127","74","17","16.1","7","344","669","5","3","1722","158","10"
"2026-10-07","SUZLON","10:37","10:37","1","10:37","-0.463","-0.361","10","15","64.392","63.551","11","67.504","67.025","1","-0.105","False","15","4121565","1341583","32.6","205772","107647","1.91","52614","25953","122.8","58.2","8","242","476","5","5","38.75","125134","7"
"2026-10-07","TVSMOTOR","10:37","10:37","1","10:37","-0.74","-0.657","12","15","75.141","70.773","12","61.072","61.092","0","-0.2","False","15","33465","5361","16","2603","117","22.23","1401","54","9.5","10.7","9","405","626","7","2","3972","3439","11"
"2026-10-07","COLPAL","10:38","10:38","1","10:38","-0.319","-0.208","13","15","79.038","73.084","15","83.237","80.1","1","-0.085","False","15","7898","992","12.6","366","94","3.9","137","29","17.5","13.5","14","256","356","9","5","1782.2","247","10"
"2026-10-07","EXIDEIND","10:38","10:38","1","10:38","-0.318","-0.098","10","15","70.691","68.905","14","72.751","75.525","2","-0.038","False","15","67289","16322","24.3","1386","498","2.78","516","120","33.5","19.7","14","177","262","11","4","407","2489","6"
"2026-10-07","M&M","10:38","10:41","4","10:40","-0.598","-0.234","12","15","69.411","63.679","13","71.885","66.472","1","-0.106","False","15","129335","30717","23.7","924","259","3.57","328","92","28.2","12","12","313","575","9","4","2812","2825","4"
"2026-10-07","VEDL","10:38","10:38","1","10:38","-0.553","-0.439","10","15","61.801","56.845","11","65.876","61.312","1","-0.195","False","15","385369","49192","12.8","22441","13055","1.72","5245","2918","98.1","62.4","8","166","322","6","4","262","12286","8"
"2026-10-07","BAJAJ-AUTO","10:39","10:41","3","10:40","-1.085","-0.753","10","15","64.87","62.132","12","70.872","67.606","1","-0.107","False","15","28053","1653","5.9","400","163","2.46","122","41","45.9","31.6","9","308","656","6","4","9830","222","5"
"2026-10-07","NATIONALUM","10:40","10:40","1","10:40","-0.398","-0.092","8","15","62.53","57.739","11","60.387","59.421","3","-0.078","False","15","378030","94698","25.1","18619","8874","2.1","3838","2115","71.8","49.5","7","104","319","2","7","326","25854","5"
"2026-10-07","TVSMOTOR","10:40","10:41","2","10:40","-1.725","-1.542","12","15","74.134","71.461","12","61.244","63.457","2","-0.027","False","15","63329","5361","8.5","2530","106","23.94","1344","45","9.7","10.1","8","469","751","7","2","3972","10761","8"
"2026-10-07","AMBUJACEM","10:41","10:41","1","10:41","-0.445","-0.098","10","15","61.044","65.885","11","63.675","63.306","1","-0.038","False","15","89622","18489","20.6","2792","1576","1.77","1363","446","23.2","18.1","7","127","269","5","5","358.7","1260","9"
"2026-10-07","BOSCHLTD","10:41","10:43","3","10:43","-0.437","-0.09","9","15","69.935","68.033","13","68.986","58.419","1","-0.044","False","15","1111","450","40.5","77","28","2.76","30","8","29.4","18.6","12","181","280","8","5","44400","93","5"
"2026-10-07","GODREJPROP","10:44","10:44","1","10:44","-0.469","-0.05","10","15","64.734","62.143","12","72.843","71.403","5","0.028","True","15","7252","1742","24","157","88","1.8","49","30","15","14.7","10","569","1028","6","7","1590","160","8"
"2026-10-07","HINDPETRO","10:44","10:44","1","10:44","-0.42","-0.102","10","15","67.072","70.054","12","64.37","77.368","3","-0.055","False","15","159060","41341","26","10956","5053","2.17","3184","1026","80.3","39.2","10","178","281","6","7","345","13091","4"
"2026-10-07","INDHOTEL","10:44","10:44","1","10:44","-0.331","-0.108","10","15","68.383","62.919","11","69.486","64.761","2","-0.065","False","15","83884","15251","18.2","2212","863","2.56","817","270","20.2","16.6","10","166","281","4","6","737","1548","8"
"2026-10-07","INDUSINDBK","10:46","10:48","3","10:48","-0.502","-0.218","10","15","64.186","60.792","12","70.157","66.036","3","0.013","True","15","58722","13114","22.3","797","342","2.33","376","135","17.4","12.5","8","233","464","6","6","892.5","271","9"
"2026-10-07","IOC","10:47","10:47","1","10:47","-0.345","-0.077","8","15","64.574","64.555","11","73.184","73.855","1","-0.036","False","15","249797","57857","23.2","10151","4698","2.16","4584","1440","48.9","22","8","146","286","5","5","130.2","5501","10"
"2026-10-07","MPHASIS","10:47","10:47","1","10:47","-0.378","-0.061","9","15","64.313","66.903","11","68.682","71.126","2","0.082","False","15","7293","1392","19.1","159","92","1.72","66","40","13.2","10.7","7","334","552","2","6","2290","169","5"
"2026-10-07","RVNL","10:47","10:47","1","10:47","-0.354","-0.051","9","15","70.827","63.077","13","74.143","65.193","3","0.018","True","15","124462","24855","20","4551","1306","3.48","1634","486","17.4","11.6","11","444","829","8","7","197","7724","7"
"2026-10-07","HAVELLS","10:48","10:48","1","10:48","-0.329","-0.057","10","15","62.142","60.885","11","69.46","72.581","4","0.017","True","15","8428","3153","37.4","539","293","1.84","147","73","27.8","20.5","11","163","282","4","7","1058.5","328","9"
"2026-10-07","VEDL","10:48","10:48","1","10:48","-0.477","-0.058","10","15","60.744","56.804","11","60.744","60.079","2","-0.018","False","15","467416","78483","16.8","26008","16518","1.57","6712","4506","120.3","63","8","156","333","5","5","260.5","11118","12"
"2026-10-07","UNITDSPR","10:53","10:57","5","10:53","-0.379","-0.327","10","15","78.534","65.743","14","76.072","71.761","0","-0.172","False","15","38844","5113","13.2","1113","222","5.02","291","71","20.2","14.6","12","274","429","12","1","1344","1416","12"
"2026-10-07","HINDPETRO","10:57","10:57","1","10:57","-0.32","-0.073","9","15","60.974","78.568","11","70.801","82.84","2","-0.017","False","15","135770","17253","12.7","10805","9054","1.19","4654","1255","72.2","36.9","11","196","303","6","7","343.5","9649","8"
"2026-10-07","NATIONALUM","11:14","11:17","4","11:16","-0.629","-0.568","9","15","63.936","71.241","14","61.277","67.278","0","-0.183","False","15","444102","37131","8.4","13341","6874","1.94","4214","1016","94.3","49.8","11","190","316","8","3","325.8","5238","8"
"2026-10-07","INDHOTEL","11:15","11:16","2","11:16","-0.632","-0.625","8","15","73.043","70.869","13","60.724","64.025","1","-0.078","False","15","75035","5820","7.8","3978","1241","3.2","1625","413","21.1","24.9","12","197","339","6","6","735.5","3250","12"
"2026-10-07","NATIONALUM","11:19","11:20","2","11:20","-0.491","-0.185","8","15","64.432","70.686","13","63.912","65.313","3","-0.054","False","15","476813","68709","14.4","13529","6850","1.98","4314","1098","95.4","47.4","12","252","448","6","6","324","12606","4"
"2026-10-07","TIINDIA","11:20","11:21","2","11:21","-0.393","-0.199","10","15","66.955","62.193","13","64.984","56.014","1","-0.032","False","15","13676","3732","27.3","240","97","2.47","124","49","13.1","10.5","12","663","1155","6","7","2410","479","5"
"2026-10-07","UPL","11:20","11:20","1","11:20","-0.319","-0.09","8","15","64.831","71.489","11","62.332","80.484","3","-0.024","False","15","305507","207682","68","3222","1630","1.98","1241","403","32.2","31","9","258","413","4","9","500.8","2370","10"
"2026-10-07","COLPAL","11:29","11:29","1","11:29","-0.314","-0.073","8","15","79.437","71.106","12","88.694","81.583","3","-0.02","False","15","11699","3771","32.2","561","116","4.83","246","52","36.7","13.8","12","339","519","7","6","1775","683","7"
"2026-10-07","COLPAL","11:32","11:32","1","11:32","-0.343","-0.113","9","15","81.89","72.472","13","87.585","69.764","2","-0.043","False","15","10331","2954","28.6","621","116","5.34","257","53","42.2","14.5","13","348","455","8","6","1775","657","10"
"2026-10-07","INDUSINDBK","11:32","11:34","3","11:34","-0.505","-0.292","9","15","72.475","68.894","14","77.443","73.609","1","-0.114","False","15","54553","22524","41.3","1217","281","4.34","585","100","20.3","13.4","13","401","563","10","3","887","2712","3"
"2026-10-07","PFC","11:41","11:41","1","11:41","-0.305","-0.092","8","15","61.133","60.172","12","63.414","66.148","0","-0.078","False","15","424599","28937","6.8","11677","7281","1.6","3106","1789","55.4","41.8","7","226","428","4","6","326.8","4164","11"
"2026-10-07","HAVELLS","11:42","11:45","4","11:43","-0.33","-0.283","11","15","64.121","64.832","11","69.738","76.466","3","0.054","True","15","25353","2552","10.1","1290","665","1.94","429","144","27.2","27.6","8","161","299","2","10","1060.8","663","9"
"2026-10-07","INDUSINDBK","11:42","11:50","9","11:43","-0.405","-0.265","8","15","69.92","67.109","13","68.249","65.622","3","0.036","True","15","67190","22474","33.4","1243","402","3.09","561","171","21.2","12.9","13","327","485","7","6","887.4","1240","8"
"2026-10-07","POLYCAB","11:42","11:42","1","11:42","-0.393","-0.258","8","15","80.074","73.185","14","79.471","71.935","2","-0.019","False","15","15250","4774","31.3","467","99","4.72","126","30","20.6","17.1","14","550","708","7","7","8123","165","10"
"2026-10-07","CAMS","11:43","11:45","3","11:43","-0.392","-0.193","8","15","75.338","67.6","14","71.017","61.831","1","-0.126","False","15","62462","14902","23.9","1770","499","3.54","710","201","22.9","15.7","13","247","350","10","3","700","1269","10"
"2026-10-07","MARUTI","11:44","11:45","2","11:44","-0.488","-0.184","8","15","66.435","65.567","12","66.399","63.862","1","-0.053","False","15","34024","5976","17.6","595","275","2.17","176","84","64","22","10","229","484","5","6","11450","1343","4"
"2026-10-07","ULTRACEMCO","11:44","11:44","1","11:44","-0.381","-0.065","9","15","72.808","74.04","15","73.169","74.632","1","-0.018","False","15","12473","842","6.8","291","96","3.03","104","21","34.3","25.2","15","1054","1252","9","6","10720","134","11"
"2026-10-07","BRITANNIA","11:45","11:45","1","11:45","-0.403","-0.239","11","15","63.005","68.594","11","67.149","68.608","1","-0.133","False","15","11537","1786","15.5","104","53","1.98","71","20","14.5","8.7","8","111","223","6","6","4808.4","163","4"
"2026-10-07","COLPAL","11:45","11:46","2","11:45","-0.304","-0.237","9","15","76.076","70.751","14","65.778","64.739","1","-0.067","False","15","5612","2270","40.4","354","92","3.85","123","31","22.4","13.3","13","255","363","9","4","1773.1","290","6"
"2026-10-07","CIPLA","11:46","11:48","3","11:47","-0.42","-0.143","9","15","70.394","69.14","12","70.98","69.903","2","0.073","False","15","20594","6047","29.4","1047","368","2.84","320","91","24.9","23.3","11","169","262","7","6","1331.8","991","5"
"2026-10-07","MARUTI","11:47","11:48","2","11:48","-0.393","-0.061","8","15","67.277","67.301","14","64.98","63.987","1","-0.125","False","15","27966","5552","19.9","540","238","2.27","165","67","61.7","23.3","13","264","434","8","6","11430","885","6"
"2026-10-07","APLAPOLLO","11:50","11:50","1","11:50","-0.497","-0.093","8","15","62.652","67.305","11","65.423","65.689","3","0.089","True","15","9135","2690","29.4","147","92","1.6","55","23","12.7","9","9","156","327","3","9","2144.5","61","6"
"2026-10-07","GODREJPROP","11:50","11:50","1","11:50","-0.307","-0.057","10","15","60.435","64.211","12","62.84","62.592","2","-0.083","False","15","12734","5439","42.7","244","109","2.24","112","35","13.8","15.3","10","318","596","5","6","1595.5","1002","6"
"2026-10-07","APLAPOLLO","11:52","11:54","3","11:52","-0.636","-0.228","8","15","63.6","66.761","12","66.702","68.704","3","0.008","True","15","15370","2603","16.9","149","88","1.69","56","24","13.1","8.9","10","123","273","4","9","2144.5","61","7"
"2026-10-07","GLENMARK","11:52","11:53","2","11:52","-0.363","-0.066","12","15","74.528","73.235","12","69.837","60.117","1","-0.044","False","15","17844","1176","6.6","958","223","4.29","500","95","17.9","14.8","11","164","225","9","4","2281","1451","3"
"2026-10-07","INDHOTEL","11:52","11:52","1","11:52","-0.38","-0.116","11","15","68.717","66.66","13","60.88","69.957","1","-0.087","False","15","65701","10541","16","1984","784","2.53","729","222","20.8","15.6","11","164","280","8","4","736.85","2217","4"
"2026-10-07","INDUSINDBK","11:52","11:53","2","11:52","-0.529","-0.17","12","15","69.281","65.38","11","70.648","61.217","3","0.026","True","15","61631","2778","4.5","1187","407","2.92","511","163","21.7","14","12","243","379","4","9","884.4","2140","4"
"2026-10-07","INDHOTEL","11:54","11:56","3","11:54","-0.468","-0.129","12","15","67.881","66.24","12","61.466","64.997","1","-0.14","False","15","65284","8732","13.4","1915","781","2.45","722","218","21","15.9","10","164","284","8","3","734.45","732","9"
"2026-10-07","APLAPOLLO","11:57","11:57","1","11:57","-0.465","-0.07","8","15","62.94","64.902","11","63.537","63.223","2","-0.041","False","15","20175","7026","34.8","201","104","1.92","77","35","13","9.1","8","100","212","3","8","2138.9","370","3"
"2026-10-07","INDHOTEL","12:02","12:04","3","12:02","-0.381","-0.143","11","15","62.27","63.967","11","63.033","64.354","2","-0.068","False","15","31738","5663","17.8","1581","853","1.85","656","220","23.6","18.4","6","107","222","6","3","734.45","1094","4"
"2026-10-07","INDHOTEL","12:06","12:06","1","12:06","-0.327","-0.082","9","15","63.151","60.154","11","65.306","56.359","1","-0.086","False","15","56665","21633","38.2","1537","791","1.94","564","223","23.4","19.4","6","140","299","5","3","732.5","3016","4"
"2026-10-07","INDHOTEL","12:09","12:09","1","12:09","-0.341","-0.164","8","15","61.924","58.804","11","60.886","55.801","1","-0.059","False","15","56201","23194","41.3","1504","805","1.87","541","232","22.6","20.2","6","146","316","5","4","732.5","3016","4"
"2026-10-07","TIINDIA","12:10","12:15","6","12:14","-0.589","-0.285","10","15","67.478","63.561","12","75.609","74.405","1","-0.109","False","15","14410","2882","20","355","139","2.55","153","53","16.1","14.8","11","365","661","8","4","2385","494","5"
"2026-10-07","INDHOTEL","12:12","12:16","5","12:14","-0.477","-0.26","10","15","66.159","61.028","13","68.893","62.096","2","-0.042","False","15","78954","21385","27.1","1663","731","2.28","599","222","21.4","18.9","10","172","329","7","4","732.5","3016","4"
"2026-10-07","HINDPETRO","12:13","12:16","4","12:16","-0.432","-0.188","10","15","67.179","72.442","15","72.694","73.115","0","-0.133","False","15","110761","27699","25","8835","3686","2.4","2563","560","56.4","30.5","13","202","336","11","3","345.65","20708","4"
"2026-10-07","POLYCAB","12:13","12:13","1","12:13","-0.362","-0.092","8","15","75.334","67.449","13","73.632","70.956","2","-0.114","False","15","29300","8571","29.3","358","96","3.73","102","30","16.6","17.2","13","510","762","7","6","8117","172","8"
"2026-10-07","MANAPPURAM","12:14","12:14","1","12:14","-0.303","-0.255","8","15","61.905","66.597","11","69.251","83.786","0","-0.074","False","15","145123","102724","70.8","9840","5490","1.79","3682","1339","33.3","43.8","9","153","265","7","5","312.8","5492","7"
"2026-10-07","UNIONBANK","12:14","12:15","2","12:15","-0.312","-0.116","10","15","69.477","69.975","12","80.181","81.955","2","-0.006","False","15","288049","64604","22.4","9392","2726","3.45","3828","845","21.7","15.6","11","735","1203","7","6","172.7","33435","3"
"2026-10-07","CGPOWER","12:15","12:16","2","12:15","-0.551","-0.133","8","15","69.916","62.845","13","67.015","59.192","4","-0.041","False","15","329039","13183","4","1390","486","2.86","548","169","18.6","13.9","10","194","328","5","9","906.5","1547","5"
"2026-10-07","PNB","12:17","12:17","1","12:17","-0.34","-0.114","9","15","68.428","68.529","13","78.628","78.518","3","0.014","True","15","568582","176003","31","21118","8417","2.51","7101","2431","28.5","25","12","448","768","3","10","114.64","17934","4"
"2026-10-07","CANBK","12:19","12:20","2","12:20","-0.492","-0.084","10","15","66.851","71.076","11","77.812","78.199","2","-0.048","False","15","510022","131705","25.8","14293","5685","2.51","4887","1122","28.4","24.6","11","347","614","6","5","119.35","11135","4"
"2026-10-07","HINDPETRO","12:19","12:20","2","12:20","-0.36","-0.087","11","15","70.92","75.67","15","82.062","88.635","0","-0.021","False","15","110649","21969","19.9","11825","3843","3.08","4912","641","53.7","31.4","13","218","332","13","1","345.75","16921","8"
"2026-10-07","UNIONBANK","12:19","12:21","3","12:21","-0.358","-0.058","10","15","74.063","72.373","13","74.218","67.816","3","0.01","True","15","323136","45018","13.9","12287","3174","3.87","4527","1047","27.6","14.1","12","803","1183","7","7","172.7","33435","4"
"2026-10-07","NATIONALUM","12:20","12:20","1","12:20","-0.323","-0.077","8","15","73.255","67.393","13","78.457","73.045","2","-0.003","False","15","214654","72501","33.8","24100","6344","3.8","5295","1362","249.2","45.7","12","174","288","8","4","324","36956","8"
"2026-10-07","BANDHANBNK","12:22","12:23","2","12:23","-0.823","-0.103","11","15","66.705","62.998","11","70.08","64.036","1","-0.066","False","15","215690","38948","18.1","2745","1261","2.18","1374","553","12.4","11.3","9","159","360","7","3","165.3","2009","6"
"2026-10-07","BANKBARODA","12:22","12:24","3","12:23","-0.523","-0.154","12","15","66.908","66.642","11","73.47","74.306","2","0.046","False","15","225127","29473","13.1","2598","1089","2.39","846","375","13.7","13.2","10","340","597","7","3","234.5","10510","3"
"2026-10-07","CANBK","12:22","12:23","2","12:23","-0.501","-0.101","11","15","69.461","74.091","12","71.789","74.62","1","-0.135","False","15","439389","75732","17.2","13972","4969","2.81","4694","966","30.9","23.9","12","324","509","8","4","119.3","9597","6"
"2026-10-07","YESBANK","12:22","12:22","1","12:22","-0.384","-0.096","8","15","60.213","65.303","13","60.543","63.895","2","-0.018","False","15","2674113","200619","7.5","709656","458440","1.55","258015","123384","162.2","123.2","6","138","344","5","5","20.8","271983","12"
"2026-10-07","PNB","12:23","12:23","1","12:23","-0.445","-0.14","9","15","72.322","73.537","13","67.207","64.718","2","-0.04","False","15","595694","184531","31","21340","7289","2.93","7901","1945","34.6","23.3","12","363","547","5","8","114.15","14699","7"
"2026-10-07","VEDL","12:23","12:27","5","12:27","-0.422","-0.345","9","15","64.744","61.939","11","75.806","75.099","4","0.005","True","15","643181","45066","7","49307","17880","2.76","25221","5528","336.7","55.5","10","268","470","4","8","260","134377","3"
"2026-10-07","NATIONALUM","12:24","12:24","1","12:24","-0.308","-0.216","8","15","72.319","62.43","11","62.083","56.145","0","-0.084","False","15","262502","75257","28.7","24846","7007","3.55","5304","1893","262.5","45.5","9","157","286","6","3","324","36956","8"
"2026-10-07","BANDHANBNK","12:25","12:28","4","12:25","-0.848","-0.236","10","15","65.028","61.69","11","66.557","61.752","2","-0.094","False","15","241649","41231","17.1","2610","1314","1.99","1187","581","13.3","11.6","8","149","352","6","3","165.3","2009","6"
"2026-10-07","CANBK","12:25","12:28","4","12:28","-0.31","-0.159","10","15","72.785","77.674","15","73.466","80.929","2","-0.021","False","15","442215","75732","17.1","15213","4650","3.27","5387","897","32.8","24.6","13","253","368","8","5","119.3","9597","6"
"2026-10-07","INDHOTEL","12:26","12:26","1","12:26","-0.355","-0.239","8","15","71.586","72.468","13","72.59","82.249","1","-0.053","False","15","67005","17342","25.9","1873","651","2.88","847","183","21.8","17","13","214","290","10","4","730.7","1619","6"
"2026-10-07","PNB","12:26","12:26","1","12:26","-0.332","-0.105","9","15","71.983","69.768","12","61.818","56.927","2","-0.049","False","15","823962","186892","22.7","23587","8409","2.8","8430","2551","41.7","23.9","12","295","433","6","7","114","26480","4"
"2026-10-07","WIPRO","12:32","12:36","5","12:34","-0.443","-0.331","11","15","69.953","65.142","14","72.371","62.065","1","-0.046","False","15","421782","22653","5.4","14038","5325","2.64","3464","1854","117.5","24","12","245","381","9","4","160.1","6094","4"
"2026-10-07","APLAPOLLO","12:33","12:33","1","12:33","-0.318","-0.154","11","15","79.866","83.298","15","78.564","81.859","1","-0.111","False","15","16836","6116","36.3","459","91","5.04","210","25","15.1","10.4","15","301","373","13","2","2138.8","350","7"
"2026-10-07","TATAELXSI","12:33","12:33","1","12:33","-0.315","-0.077","10","15","65.927","66.779","12","77.068","74.167","3","-0.046","False","15","3772","898","23.8","96","41","2.33","41","14","10.2","9.7","12","425","732","6","6","3105","195","4"
"2026-10-07","ULTRACEMCO","12:42","12:42","1","12:42","-0.327","-0.094","8","15","62.993","59.76","14","66.367","59.044","1","-0.028","False","15","5042","902","17.9","194","113","1.72","45","26","34.5","28.9","7","490","1094","7","3","10684","112","6"
"2026-10-07","HINDPETRO","12:52","12:54","3","12:53","-0.477","-0.131","8","15","72.307","74.874","14","69.248","70.789","1","-0.069","False","15","330388","56880","17.2","12571","4240","2.96","3302","702","74.8","28.4","15","307","452","12","3","345","11508","8"
"2026-10-07","HINDPETRO","12:58","13:03","6","13:01","-0.435","-0.145","10","15","73.974","76.36","15","79.949","85.133","0","-0.089","False","15","135978","41963","30.9","12919","3968","3.26","3785","590","72.9","32.5","15","225","290","13","2","344","13516","7"
"2026-10-07","AUBANK","13:00","13:01","2","13:00","-0.449","-0.34","8","15","66.786","69.707","11","66.46","68.515","0","-0.154","False","15","35508","8534","24","1738","742","2.34","597","150","27.6","26.4","10","168","277","9","2","1000.4","1816","8"
"2026-10-07","INDUSINDBK","13:00","13:00","1","13:00","-0.432","-0.341","10","15","63.992","57.718","11","63.776","59.337","0","-0.143","False","15","189020","115221","61","1079","412","2.62","287","128","17.8","13.8","11","484","970","9","4","878","4622","5"
"2026-10-07","FEDERALBNK","13:04","13:06","3","13:06","-0.525","-0.186","9","15","62.976","70.501","13","63.526","69.015","1","-0.079","False","15","678050","417871","61.6","12338","7342","1.68","3591","1685","52.7","29","10","309","549","8","5","323.7","5599","5"
"2026-10-07","ETERNAL","13:05","13:08","4","13:06","-0.482","-0.091","11","15","62.322","73.317","13","69.421","78.991","1","-0.022","False","15","915199","157679","17.2","16737","10212","1.64","3397","1146","60.2","42.4","8","737","1448","8","3","330.15","8281","6"
"2026-10-07","SBIN","13:07","13:12","6","13:11","-0.541","-0.295","13","15","68.188","70.872","13","65","71.414","2","-0.046","False","15","420462","20487","4.9","6733","2470","2.73","1665","460","101.5","20.6","11","658","1206","8","5","950.1","13750","5"
"2026-10-07","BANDHANBNK","13:08","13:09","2","13:09","-0.556","-0.324","10","15","67.308","70.107","13","65.467","62.333","0","-0.146","False","15","179171","39388","22","3758","1730","2.17","2030","649","17.8","10.8","12","121","222","7","5","163.5","5217","4"
"2026-10-07","HINDPETRO","13:08","13:13","6","13:11","-0.465","-0.277","9","15","78.773","77.806","15","81.221","79.081","1","-0.21","False","15","166722","23201","13.9","15848","3360","4.72","3980","558","80.5","32.5","15","210","258","14","1","343.05","19005","3"
"2026-10-07","PNB","13:08","13:14","7","13:10","-0.544","-0.334","11","15","76.491","69.187","15","69.491","64.566","1","-0.158","True","15","527346","23186","4.4","31324","7767","4.03","7722","2092","38.4","21","14","246","324","9","5","113.8","32714","6"
"2026-10-07","INFY","13:09","13:10","2","13:10","-0.392","-0.257","8","15","70.345","67.406","14","70.733","65.11","1","-0.076","False","15","313535","97505","31.1","6129","1826","3.36","1775","537","146","21.8","12","744","1244","7","5","994","11998","6"
"2026-10-07","MFSL","13:09","13:09","1","13:09","-0.357","-0.179","10","15","63.467","66.447","11","60.253","62.776","3","-0.044","False","15","9842","1366","13.9","475","179","2.65","186","42","15.9","13.7","9","626","1254","6","4","1343.2","441","4"
"2026-10-07","NAUKRI","13:09","13:09","1","13:09","-0.407","-0.334","9","15","62.422","64.424","11","64.164","71.933","2","-0.027","False","15","28744","10193","35.5","909","484","1.88","314","108","24.6","19.3","9","317","573","5","6","1227","1016","9"
"2026-10-07","ULTRACEMCO","13:09","13:12","4","13:10","-0.516","-0.31","11","15","71.711","74.649","15","74.772","74.143","2","-0.031","False","15","11660","463","4","256","92","2.78","109","22","37.7","24","14","864","1160","11","3","10660","500","4"
"2026-10-07","APLAPOLLO","13:10","13:14","5","13:14","-0.347","-0.056","10","15","85.183","82.471","12","83.71","83.09","3","0.178","True","15","11832","2387","20.2","973","104","9.33","309","31","16.4","9.8","14","198","248","7","7","2131.9","594","7"
"2026-10-07","CANBK","13:10","13:12","3","13:11","-0.73","-0.354","11","15","67.583","66.357","12","60.766","65.365","1","-0.184","False","15","623210","136428","21.9","15472","5841","2.65","5322","1430","28","25.4","11","176","306","10","2","118.9","20695","5"
"2026-10-07","FEDERALBNK","13:10","13:13","4","13:11","-0.633","-0.124","9","15","65.126","77.3","15","62.36","79.443","2","-0.132","False","15","311482","85696","27.5","12503","6736","1.86","3523","1058","53.7","26.3","13","272","378","9","4","322.5","4666","8"
"2026-10-07","M&M","13:10","13:11","2","13:10","-0.302","-0.174","12","15","76.329","68.208","13","83.595","74.362","1","-0.082","False","15","69386","5540","8","1522","256","5.94","743","91","86.2","14.4","13","193","296","11","3","2808","2739","4"
"2026-10-07","POWERGRID","13:10","13:12","3","13:11","-0.47","-0.275","12","15","64.604","65.13","11","61.118","61.32","2","-0.086","False","15","178787","20749","11.6","22005","10575","2.08","6748","1708","112.3","49","10","149","257","6","4","255","35611","4"
"2026-10-07","SAMMAANCAP","13:10","13:16","7","13:15","-0.621","-0.308","10","15","75.114","73.304","15","74.686","70.807","3","0.003","True","15","286666","30354","10.6","3931","991","3.97","1922","430","15.7","13.7","14","153","213","9","5","133.51","4019","7"
"2026-10-07","TMPV","13:10","13:12","3","13:11","-0.496","-0.195","11","15","60.819","66.322","13","66.987","64.769","2","-0.164","False","15","209367","28023","13.4","19487","11122","1.75","4471","1457","189.8","49.4","10","111","267","7","4","281","31532","4"
"2026-10-07","UNIONBANK","13:10","13:13","4","13:12","-0.636","-0.423","14","15","68.519","65.986","12","69.721","69.865","1","-0.033","False","15","317294","0","0","8773","2980","2.94","2503","1027","21.6","14.5","11","745","1325","8","4","172.99","8492","3"
"2026-10-07","GLENMARK","13:11","13:11","1","13:11","-0.344","-0.14","8","15","70.046","68.876","13","62.399","63.653","0","-0.168","False","15","18888","5075","26.9","579","195","2.97","289","88","15","12.6","11","278","433","8","3","2290","583","6"
"2026-10-07","INDHOTEL","13:11","13:12","2","13:11","-0.464","-0.348","11","15","76.067","67.82","15","72.519","65.652","0","-0.185","False","15","121834","35341","29","2480","633","3.92","898","234","21.9","15.2","13","524","724","12","2","731.75","2238","7"
"2026-10-07","MARUTI","13:11","13:12","2","13:12","-0.341","-0.114","11","15","62.487","65.224","12","69.476","68.009","1","0.01","False","15","19020","1902","10","417","231","1.81","145","64","60.4","19.9","7","361","718","6","4","11405","434","6"
"2026-10-07","NATIONALUM","13:11","13:12","2","13:11","-0.416","-0.309","11","15","66.642","68.337","12","70.415","72.565","0","-0.105","False","15","246411","53459","21.7","12947","5950","2.18","3962","1255","110.2","43","10","163","248","8","3","323.5","9169","8"
"2026-10-07","NCC","13:11","13:12","2","13:12","-0.338","-0.063","11","15","67.654","65.133","12","64.445","61.328","1","-0.1","False","15","28597","1007","3.5","1945","522","3.73","419","138","28.4","15.2","8","79","161","6","3","127.01","1061","6"
"2026-10-07","GODREJPROP","13:12","13:12","1","13:12","-0.664","-0.355","11","15","66.316","63.336","11","60.478","62.637","1","-0.108","False","15","12323","1104","9","404","146","2.77","190","45","18.2","16","8","138","302","4","4","1581.4","918","7"
"2026-10-07","AUBANK","13:13","13:13","1","13:13","-0.661","-0.06","10","15","62.409","64.857","11","63.776","66.177","2","-0.055","False","15","72510","21177","29.2","1426","904","1.58","399","247","31","21.7","10","143","325","7","3","990","1986","4"
"2026-10-07","GODREJPROP","13:14","13:15","2","13:14","-0.55","-0.146","10","15","68.23","65.156","12","64.518","66.651","3","0.024","True","15","16939","5789","34.2","527","148","3.56","275","46","17.9","16.3","9","161","288","4","5","1581.4","920","5"
"2026-10-07","ULTRACEMCO","13:14","13:14","1","13:14","-0.319","-0.075","10","15","69.564","69.725","14","62.761","57.419","1","-0.054","False","15","18316","3489","19","244","98","2.48","104","30","36.7","22.6","12","744","1108","9","4","10640","200","5"
"2026-10-07","ULTRACEMCO","13:19","13:19","1","13:19","-0.366","-0.085","9","15","65.893","65.845","13","60.328","67.072","1","-0.006","False","15","15237","4007","26.3","232","119","1.96","82","32","37.7","22.6","11","648","1171","8","4","10640","215","4"
"2026-10-07","ETERNAL","13:32","13:35","4","13:33","-0.727","-0.501","9","15","64.984","67.148","14","64.516","63.433","2","-0.007","False","15","1163734","209440","18","21413","11466","1.87","4551","2208","58.3","38.6","11","791","1357","8","5","329.25","15467","6"
"2026-10-07","ETERNAL","13:37","13:42","6","13:39","-0.819","-0.198","9","15","64.858","65.562","15","65.167","66.677","3","0.007","True","15","1198924","279104","23.3","23318","12385","1.88","4945","2567","57.6","40.3","12","755","1289","8","5","329.25","15467","6"
"2026-10-07","FEDERALBNK","13:48","13:48","1","13:48","-0.31","-0.078","9","15","62.35","73.925","13","69.166","81.528","0","-0.083","False","15","351772","183923","52.3","11447","7400","1.55","3071","1297","43.8","38.9","12","160","253","8","4","321.4","3672","11"
"2026-10-07","SBIN","13:55","13:55","1","13:55","-0.321","-0.337","9","15","73.75","70.94","14","69.713","69.472","1","-0.068","False","15","947340","214247","22.6","8032","2334","3.44","2904","680","43.8","22.3","11","834","1242","8","4","949","3421","12"
"2026-10-07","SBIN","13:57","13:59","3","13:57","-0.326","-0.295","9","15","70.803","68.041","14","66.588","65.369","0","-0.085","False","15","1103960","370585","33.6","6464","2271","2.85","2183","661","37.4","22.8","10","833","1311","8","3","949","3129","10"
"2026-10-07","GLENMARK","13:59","14:05","7","14:05","-0.466","-0.053","10","15","80.222","67.973","13","83.546","77.487","1","-0.106","False","15","24885","8255","33.2","922","165","5.6","296","67","15.4","13.8","12","446","628","9","3","2288.2","893","5"
"2026-10-07","ADANIPORTS","14:00","14:00","1","14:00","-0.577","-0.457","12","15","64.872","63.226","11","62.891","60.12","1","-0.028","False","15","36194","5475","15.1","710","275","2.58","250","81","21","19","8","238","472","4","6","1750.7","469","9"
"2026-10-07","SBIN","14:01","14:01","1","14:01","-0.332","-0.19","9","15","69.239","62.569","12","71.51","59.537","0","-0.079","False","15","1082714","380553","35.1","6761","2405","2.81","1551","757","87.6","25","8","725","1323","6","3","946","12334","5"
"2026-10-07","SUZLON","14:01","14:01","1","14:01","-0.311","-0.156","8","15","70.484","62.846","14","70.05","65.524","1","-0.078","False","15","1914528","144726","7.6","336900","136463","2.47","67044","33218","367.7","70.8","12","480","696","8","5","38.5","222070","11"
"2026-10-07","CGPOWER","14:02","14:03","2","14:03","-0.324","-0.084","10","15","67.954","62.454","12","67.8","57.516","1","-0.123","False","15","53534","13149","24.6","1225","482","2.54","360","182","23.2","16","12","293","497","10","2","892.2","2002","5"
"2026-10-07","ADANIPORTS","14:12","14:12","1","14:12","-0.389","-0.092","8","15","69.623","65.121","11","74.556","65.578","2","-0.018","False","15","45841","12003","26.2","933","279","3.34","383","83","22.3","15.8","9","619","1127","3","7","1744","2255","3"
"2026-10-07","NAUKRI","14:12","14:14","3","14:14","-0.303","-0.196","9","15","70.01","72.548","13","71.271","76.203","1","-0.072","False","15","71449","45009","63","1417","521","2.72","514","138","18.5","19.5","12","617","1019","7","5","1221.6","877","9"
"2026-10-07","PAYTM","14:13","14:14","2","14:14","-0.414","-0.231","9","15","66.288","61.274","11","69.032","65.138","2","-0.019","False","15","388563","73941","19","2535","1071","2.37","877","407","16.1","20.6","8","678","1232","4","6","1734","2085","9"
"2026-10-07","NATIONALUM","14:36","14:41","6","14:41","-0.418","-0.109","10","15","68.712","68.004","12","81.301","78.03","0","-0.032","False","15","373340","75436","20.2","25223","9749","2.59","8590","2567","234.5","44.1","9","278","402","8","3","322","32878","5"
"2026-10-07","NAUKRI","14:37","14:38","2","14:38","-0.352","-0.18","10","15","60.603","69.885","11","67.864","73.762","0","-0.053","False","15","43863","14293","32.6","1956","1291","1.52","697","295","19.8","24.9","7","284","594","5","5","1220","714","9"
"2026-10-07","NAUKRI","14:40","14:44","5","14:44","-0.385","-0.082","10","15","64.221","75.005","11","72.639","78.611","2","-0.047","False","15","28510","6874","24.1","1767","976","1.81","541","159","22.6","21.2","9","499","803","8","3","1216.2","1745","6"
"2026-10-07","BANDHANBNK","14:42","14:42","1","14:42","-0.343","-0.092","11","15","74.227","67.508","14","80.677","72.593","2","-0.083","False","15","437432","91928","21","9039","2176","4.15","2804","841","16.8","14.3","14","172","263","12","2","162.9","14682","6"
"2026-10-07","BANDHANBNK","14:44","14:44","1","14:44","-0.349","-0.055","11","15","73.795","64.564","13","73.147","62.283","2","-0.05","False","15","368349","61336","16.7","8951","2358","3.8","2414","826","17.7","14.1","12","168","272","10","3","162.9","14660","7"
"2026-10-07","TVSMOTOR","14:44","14:45","2","14:45","-0.302","-0.081","10","15","68.731","66.317","14","67.445","69.915","1","-0.045","False","15","14370","2812","19.6","267","95","2.81","100","38","10","10.9","11","235","392","8","4","3944.3","247","5"
"2026-10-07","INDHOTEL","14:45","14:45","1","14:45","-0.354","-0.191","10","15","63.394","65.797","13","62.684","70.411","2","-0.125","False","15","99530","21070","21.2","3778","2090","1.81","1564","546","20","22.6","11","139","283","7","5","732.5","3734","4"
"2026-10-07","APLAPOLLO","14:46","14:46","1","14:46","-0.3","-0.15","10","15","70.454","74.88","12","63.624","68.715","4","0.146","True","15","18039","3815","21.1","637","272","2.34","276","48","13.3","12.8","13","211","311","5","10","2129.1","372","8"
"2026-10-07","INDHOTEL","14:47","14:49","3","14:49","-0.395","-0.109","10","15","61.187","68.628","14","61.502","70.607","3","-0.009","False","15","100117","22565","22.5","3645","2194","1.66","1606","533","19.1","23.3","9","142","289","6","5","732.5","3734","4"
"2026-10-07","NAUKRI","14:47","14:48","2","14:48","-0.377","-0.058","9","15","70.486","72.379","12","78.787","68.435","3","-0.005","False","15","25013","2662","10.6","1828","728","2.51","480","133","22.7","21.1","11","545","800","8","4","1215.6","1572","8"
"2026-10-07","TVSMOTOR","14:47","14:49","3","14:47","-0.443","-0.081","11","15","68.531","67.835","13","68.679","69.591","1","-0.057","False","15","14572","2000","13.7","243","83","2.94","98","29","10.2","10.2","11","242","394","9","4","3930.2","364","5"
"2026-10-07","APLAPOLLO","14:49","14:51","3","14:51","-0.497","-0.212","9","15","71.601","78.18","12","72.525","79.642","2","-0.006","False","15","53833","21227","39.4","626","247","2.54","352","47","11.5","14.1","12","385","593","5","9","2129","405","7"
"2026-10-07","ETERNAL","14:49","14:49","1","14:49","-0.32","-0.168","8","15","81.09","73.937","15","81.434","71.726","1","-0.109","False","15","630424","117620","18.7","53155","12016","4.42","10855","3594","78.3","48.1","15","575","692","13","2","327.5","23716","11"
"2026-10-07","PAYTM","14:49","14:51","3","14:51","-0.397","-0.213","10","15","63.828","63.028","12","65.702","65.114","2","-0.036","False","15","123297","39316","31.9","2801","1439","1.95","756","286","19.6","20.4","9","706","1309","3","9","1735.6","1708","9"
"2026-10-07","TORNTPHARM","14:50","14:50","1","14:50","-0.321","-0.136","10","15","65.264","64.45","11","73.044","71.073","1","-0.028","False","15","17419","8158","46.8","137","65","2.12","60","23","8.3","9.2","11","555","1065","8","4","4689.2","172","5"
"2026-10-07","FEDERALBNK","14:51","14:51","1","14:51","-0.323","-0.108","8","15","78.251","78.168","14","77.912","77.572","3","0.005","True","15","207268","33844","16.3","20937","5597","3.74","5688","1314","58.3","33.1","14","255","287","9","5","324.15","6458","14"
"2026-10-07","INDHOTEL","14:51","14:51","1","14:51","-0.389","-0.144","11","15","61.949","70.355","14","60.964","71.265","3","-0.018","False","15","96678","22565","23.3","3676","2189","1.68","1699","525","19.1","23.3","9","148","287","5","6","733","4070","4"
