date,strategy,symbol,signal_ist,target_pct,stop_pct,outcome
2026-10-05,Bid Support Breakout,BANKINDIA,10:15:31,1.0,0.5,Target reached
2026-10-05,Bid Support Breakout,MPHASIS,12:02:15,1.0,0.5,Target reached
2026-10-06,Bid Support Breakout,BHEL,09:27:29,1.0,0.5,Target reached
2026-10-06,Early Depth-Control Breakout,TIINDIA,09:57:00,3.0,0.5,Target reached
2026-10-06,Bid Support Breakout,PGEL,09:58:24,1.0,0.5,Target reached
2026-10-06,Bid-Dominant Recovery,INDHOTEL,10:21:02,1.0,0.4,Target reached
2026-10-06,Bid-Dominant Recovery,NAUKRI,10:24:02,1.0,0.4,Stopped
2026-10-06,Bid Support Breakout,PIDILITIND,10:27:42,1.0,0.5,Target reached
2026-10-06,Bid Support Breakout,NAUKRI,11:43:15,1.0,0.5,Target reached
2026-10-06,Bid-Dominant Recovery,LAURUSLABS,12:25:04,1.0,0.4,Target reached
2026-10-06,Persistent Bid Absorption Breakout,NESTLEIND,12:45:00,1.5,0.5,Target reached
2026-10-06,Early Depth-Control Breakout,ASTRAL,12:59:00,3.0,0.5,Unresolved
2026-10-07,Bid Support Breakout,HAVELLS,09:29:41,1.0,0.5,Target reached
2026-10-07,Bid-Dominant Recovery,ANGELONE,09:45:02,1.0,0.4,Target reached
2026-10-07,Bid-Dominant Recovery,APLAPOLLO,10:01:04,1.0,0.4,Target reached
2026-10-07,Bid-Dominant Recovery,POLYCAB,10:42:02,1.0,0.4,Target reached
