date,time_ist,symbol,side,entry,target,stop,target_time_ist,outcome,mfe_pct,mae_before_target_pct,branch,return15_pct,rsi14,vwap15_gap_pct,pullback15_pct,day_return_pct,ask_drift15_pct,depth_imbalance15,atr14_pct,slope50_pct_per_min
2026-10-06,09:30:00,MCX,BUY,3209.1,3273.282,3196.2636,12:40:00,Target2,3.549,0.343,3,0.451,60.22,-0.046,0.835,0.451,0.429,-0.055,0.4233,-0.00164
2026-10-06,09:31:00,TATACONSUM,BUY,950.6,969.612,946.7976,14:44:00,Target2,2.672,0.274,2,0.385,54.373,-0.137,0.442,-0.283,0.2,0.2023,0.1555,0.01275
2026-10-06,09:34:00,JINDALSTEL,BUY,1057.4,1078.548,1053.1704,10:04:00,Target2,2.96,0.132,4,0.466,68.905,0.319,0.795,-3.018,0.447,0.001,0.5176,0.00854
2026-10-06,09:54:00,PPLPHARMA,BUY,196.91,200.8482,196.1224,15:12:00,Target2,2.179,0.376,1,0.434,69.652,0.018,0.107,0.67,0.434,-0.079,0.1089,0.01802
2026-10-06,10:32:00,TRENT,BUY,2854.7,2911.794,2843.2812,14:10:00,Target2,2.049,0.13,1,0.493,59.963,0.296,0.098,1.929,0.482,-0.0714,0.1995,0.00272
2026-10-06,10:36:00,POLICYBZR,BUY,997.3,1017.246,993.3108,11:29:00,Target2,4.502,0.231,1,0.443,63.81,0.022,0.201,1.352,0.514,-0.0168,0.1504,0.01849
2026-10-06,11:16:00,PGEL,BUY,510.45,520.659,508.4082,12:40:00,Target2,4.222,0.088,1,0.493,68.382,0.243,0.098,4.542,0.631,-0.1883,0.1268,0.01536
2026-10-06,14:18:00,HUDCO,BUY,157.65,160.803,157.0194,15:03:00,Target2,3.609,0.336,4,0.452,56.513,0.754,0.647,-3.234,0.503,0.167,0.4675,-0.03896
2026-10-07,09:36:00,PNB,BUY,111.11,113.3322,110.6656,10:18:00,Target2,3.546,0.162,2,0.416,67.857,0.012,0.378,-0.439,0.416,-0.0555,0.1305,0.01661
2026-10-07,09:36:00,POLICYBZR,BUY,1018.7,1039.074,1014.6252,15:00:00,Target2,2.209,0.314,3,0.335,55.607,0.066,0.285,-1.527,0.187,0.0303,0.2784,0.00106
2026-10-07,09:39:00,OFSS,BUY,10481,10690.62,10439.076,10:51:00,Target2,2.404,0.114,3,0.527,61.977,0.114,0.563,-0.323,0.527,-0.105,0.2412,0.01334
2026-10-07,10:27:00,KEI,BUY,4568.3,4659.666,4550.0268,14:26:00,Target2,2.62,0.357,2,0.373,65.563,0.132,0.355,0.189,0.365,-0.0877,0.1451,0.01012
2026-10-08,09:43:00,CYIENTDLM,BUY,967.9,987.258,964.0284,10:16:00,Target2,2.48,0.093,1,1.686,62.517,0.72,0.108,-2.133,1.644,-0.0722,0.3845,-0.02189
2026-10-08,09:46:00,PAYTM,BUY,1601,1633.02,1594.596,09:56:00,Target2,4.372,0.025,4,1.195,54.806,0.087,0.687,-4.207,1.182,-0.0478,0.5449,0.03892
